id,scene_id,image,query_type,question,option_A,option_B,option_C,option_D,option_E,answer,answer_text,split_group,ood_axis,layout_family,lighting_condition,clutter_level,task_family
tray_000_q00,tray_000,images/tray_000.png,instrument_slot,Which compartment contains the scalpel?,Slot 1,Slot 3,Slot 2,Slot 5,Slot 4,E,Slot 4,standard_holdout,standard,standard_grid,normal,low,inventory_check
tray_000_q01,tray_000,images/tray_000.png,empty_slot,Which numbered compartment is empty?,Slot 1,Slot 4,Slot 2,Slot 5,Slot 3,C,Slot 2,standard_holdout,standard,standard_grid,normal,low,inventory_check
tray_000_q02,tray_000,images/tray_000.png,indicator_color,What color is the sterility indicator strip?,blue,brown,green,amber,pink,C,green,standard_holdout,standard,standard_grid,normal,low,sterility_check
tray_000_q03,tray_000,images/tray_000.png,tag_code,What two-digit tray tag is displayed?,53,17,89,30,83,B,17,standard_holdout,standard,standard_grid,normal,low,text_reading
tray_000_q04,tray_000,images/tray_000.png,seal_breach,Where is the red wrap breach mark located?,upper-left,lower-left,lower-right,upper-right,center,B,lower-left,standard_holdout,standard,standard_grid,normal,low,sterility_check
tray_000_q05,tray_000,images/tray_000.png,orientation_arrow,Which direction does the orange orientation arrow point?,right,up,diagonal,left,down,C,diagonal,standard_holdout,standard,standard_grid,normal,low,spatial_reasoning
tray_000_q06,tray_000,images/tray_000.png,instrument_count,How many clamp items are visible?,4,2,3,0,1,E,1,standard_holdout,standard,standard_grid,normal,low,inventory_check
tray_000_q07,tray_000,images/tray_000.png,checklist_order,"In the checklist strip, which step comes immediately after step 2?",5,1,3,4,2,B,1,standard_holdout,standard,standard_grid,normal,low,sequence_memory
tray_001_q00,tray_001,images/tray_001.png,instrument_slot,Which compartment contains the scalpel?,Slot 1,Slot 3,Slot 4,Slot 2,Slot 5,B,Slot 3,standard_holdout,standard,wide_grid,normal,medium,inventory_check
tray_001_q01,tray_001,images/tray_001.png,empty_slot,Which numbered compartment is empty?,Slot 3,Slot 5,Slot 4,Slot 2,Slot 1,C,Slot 4,standard_holdout,standard,wide_grid,normal,medium,inventory_check
tray_001_q02,tray_001,images/tray_001.png,indicator_color,What color is the sterility indicator strip?,brown,green,amber,blue,pink,A,brown,standard_holdout,standard,wide_grid,normal,medium,sterility_check
tray_001_q03,tray_001,images/tray_001.png,tag_code,What two-digit tray tag is displayed?,66,64,96,49,15,A,66,standard_holdout,standard,wide_grid,normal,medium,text_reading
tray_001_q04,tray_001,images/tray_001.png,seal_breach,Where is the red wrap breach mark located?,upper-left,upper-right,lower-right,lower-left,center,A,upper-left,standard_holdout,standard,wide_grid,normal,medium,sterility_check
tray_001_q05,tray_001,images/tray_001.png,orientation_arrow,Which direction does the orange orientation arrow point?,up,down,diagonal,left,right,A,up,standard_holdout,standard,wide_grid,normal,medium,spatial_reasoning
tray_001_q06,tray_001,images/tray_001.png,instrument_count,How many clamp items are visible?,2,1,0,4,3,C,0,standard_holdout,standard,wide_grid,normal,medium,inventory_check
tray_001_q07,tray_001,images/tray_001.png,checklist_order,"In the checklist strip, which step comes immediately after step 5?",5,1,2,4,3,B,1,standard_holdout,standard,wide_grid,normal,medium,sequence_memory
tray_002_q00,tray_002,images/tray_002.png,instrument_slot,Which compartment contains the scalpel?,Slot 5,Slot 2,Slot 4,Slot 1,Slot 3,C,Slot 4,standard_holdout,standard,standard_grid,normal,medium,inventory_check
tray_002_q01,tray_002,images/tray_002.png,empty_slot,Which numbered compartment is empty?,Slot 1,Slot 4,Slot 2,Slot 5,Slot 3,C,Slot 2,standard_holdout,standard,standard_grid,normal,medium,inventory_check
tray_002_q02,tray_002,images/tray_002.png,indicator_color,What color is the sterility indicator strip?,amber,blue,pink,green,brown,C,pink,standard_holdout,standard,standard_grid,normal,medium,sterility_check
tray_002_q03,tray_002,images/tray_002.png,tag_code,What two-digit tray tag is displayed?,60,97,27,17,38,A,60,standard_holdout,standard,standard_grid,normal,medium,text_reading
tray_002_q04,tray_002,images/tray_002.png,seal_breach,Where is the red wrap breach mark located?,upper-left,lower-right,lower-left,center,upper-right,C,lower-left,standard_holdout,standard,standard_grid,normal,medium,sterility_check
tray_002_q05,tray_002,images/tray_002.png,orientation_arrow,Which direction does the orange orientation arrow point?,down,diagonal,left,right,up,B,diagonal,standard_holdout,standard,standard_grid,normal,medium,spatial_reasoning
tray_002_q06,tray_002,images/tray_002.png,instrument_count,How many gauze items are visible?,1,2,3,4,0,A,1,standard_holdout,standard,standard_grid,normal,medium,inventory_check
tray_002_q07,tray_002,images/tray_002.png,checklist_order,"In the checklist strip, which step comes immediately after step 4?",5,2,3,4,1,E,1,standard_holdout,standard,standard_grid,normal,medium,sequence_memory
tray_003_q00,tray_003,images/tray_003.png,instrument_slot,Which compartment contains the syringe?,Slot 2,Slot 4,Slot 5,Slot 1,Slot 3,D,Slot 1,standard_holdout,standard,standard_grid,normal,medium,inventory_check
tray_003_q01,tray_003,images/tray_003.png,empty_slot,Which numbered compartment is empty?,Slot 1,Slot 2,Slot 4,Slot 3,Slot 5,C,Slot 4,standard_holdout,standard,standard_grid,normal,medium,inventory_check
tray_003_q02,tray_003,images/tray_003.png,indicator_color,What color is the sterility indicator strip?,pink,blue,green,brown,amber,A,pink,standard_holdout,standard,standard_grid,normal,medium,sterility_check
tray_003_q03,tray_003,images/tray_003.png,tag_code,What two-digit tray tag is displayed?,19,65,66,12,22,C,66,standard_holdout,standard,standard_grid,normal,medium,text_reading
tray_003_q04,tray_003,images/tray_003.png,seal_breach,Where is the red wrap breach mark located?,upper-right,upper-left,lower-left,lower-right,center,E,center,standard_holdout,standard,standard_grid,normal,medium,sterility_check
tray_003_q05,tray_003,images/tray_003.png,orientation_arrow,Which direction does the orange orientation arrow point?,down,right,left,diagonal,up,E,up,standard_holdout,standard,standard_grid,normal,medium,spatial_reasoning
tray_003_q06,tray_003,images/tray_003.png,instrument_count,How many scalpel items are visible?,2,0,4,3,1,B,0,standard_holdout,standard,standard_grid,normal,medium,inventory_check
tray_003_q07,tray_003,images/tray_003.png,checklist_order,"In the checklist strip, which step comes immediately after step 3?",4,3,5,1,2,A,4,standard_holdout,standard,standard_grid,normal,medium,sequence_memory
tray_004_q00,tray_004,images/tray_004.png,instrument_slot,Which compartment contains the gauze?,Slot 5,Slot 4,Slot 1,Slot 3,Slot 2,A,Slot 5,standard_holdout,standard,offset_grid,normal,low,inventory_check
tray_004_q01,tray_004,images/tray_004.png,empty_slot,Which numbered compartment is empty?,Slot 4,Slot 2,Slot 1,Slot 5,Slot 3,C,Slot 1,standard_holdout,standard,offset_grid,normal,low,inventory_check
tray_004_q02,tray_004,images/tray_004.png,indicator_color,What color is the sterility indicator strip?,amber,blue,green,pink,brown,D,pink,standard_holdout,standard,offset_grid,normal,low,sterility_check
tray_004_q03,tray_004,images/tray_004.png,tag_code,What two-digit tray tag is displayed?,25,50,21,58,73,A,25,standard_holdout,standard,offset_grid,normal,low,text_reading
tray_004_q04,tray_004,images/tray_004.png,seal_breach,Where is the red wrap breach mark located?,upper-right,lower-right,lower-left,upper-left,center,E,center,standard_holdout,standard,offset_grid,normal,low,sterility_check
tray_004_q05,tray_004,images/tray_004.png,orientation_arrow,Which direction does the orange orientation arrow point?,diagonal,right,up,left,down,B,right,standard_holdout,standard,offset_grid,normal,low,spatial_reasoning
tray_004_q06,tray_004,images/tray_004.png,instrument_count,How many gauze items are visible?,0,3,2,4,1,E,1,standard_holdout,standard,offset_grid,normal,low,inventory_check
tray_004_q07,tray_004,images/tray_004.png,checklist_order,"In the checklist strip, which step comes immediately after step 2?",4,5,3,2,1,C,3,standard_holdout,standard,offset_grid,normal,low,sequence_memory
tray_005_q00,tray_005,images/tray_005.png,instrument_slot,Which compartment contains the clamp?,Slot 2,Slot 5,Slot 1,Slot 4,Slot 3,A,Slot 2,standard_holdout,standard,compact_grid,normal,medium,inventory_check
tray_005_q01,tray_005,images/tray_005.png,empty_slot,Which numbered compartment is empty?,Slot 1,Slot 2,Slot 4,Slot 3,Slot 5,A,Slot 1,standard_holdout,standard,compact_grid,normal,medium,inventory_check
tray_005_q02,tray_005,images/tray_005.png,indicator_color,What color is the sterility indicator strip?,amber,blue,green,brown,pink,E,pink,standard_holdout,standard,compact_grid,normal,medium,sterility_check
tray_005_q03,tray_005,images/tray_005.png,tag_code,What two-digit tray tag is displayed?,63,75,52,88,42,D,88,standard_holdout,standard,compact_grid,normal,medium,text_reading
tray_005_q04,tray_005,images/tray_005.png,seal_breach,Where is the red wrap breach mark located?,lower-left,lower-right,center,upper-right,upper-left,B,lower-right,standard_holdout,standard,compact_grid,normal,medium,sterility_check
tray_005_q05,tray_005,images/tray_005.png,orientation_arrow,Which direction does the orange orientation arrow point?,up,right,left,down,diagonal,E,diagonal,standard_holdout,standard,compact_grid,normal,medium,spatial_reasoning
tray_005_q06,tray_005,images/tray_005.png,instrument_count,How many clamp items are visible?,0,4,1,2,3,C,1,standard_holdout,standard,compact_grid,normal,medium,inventory_check
tray_005_q07,tray_005,images/tray_005.png,checklist_order,"In the checklist strip, which step comes immediately after step 5?",2,5,1,4,3,E,3,standard_holdout,standard,compact_grid,normal,medium,sequence_memory
tray_006_q00,tray_006,images/tray_006.png,instrument_slot,Which compartment contains the clamp?,Slot 3,Slot 1,Slot 2,Slot 5,Slot 4,A,Slot 3,standard_holdout,standard,standard_grid,normal,medium,inventory_check
tray_006_q01,tray_006,images/tray_006.png,empty_slot,Which numbered compartment is empty?,Slot 4,Slot 1,Slot 2,Slot 5,Slot 3,A,Slot 4,standard_holdout,standard,standard_grid,normal,medium,inventory_check
tray_006_q02,tray_006,images/tray_006.png,indicator_color,What color is the sterility indicator strip?,amber,brown,blue,green,pink,E,pink,standard_holdout,standard,standard_grid,normal,medium,sterility_check
tray_006_q03,tray_006,images/tray_006.png,tag_code,What two-digit tray tag is displayed?,91,33,92,70,73,C,92,standard_holdout,standard,standard_grid,normal,medium,text_reading
tray_006_q04,tray_006,images/tray_006.png,seal_breach,Where is the red wrap breach mark located?,upper-left,lower-left,upper-right,lower-right,center,A,upper-left,standard_holdout,standard,standard_grid,normal,medium,sterility_check
tray_006_q05,tray_006,images/tray_006.png,orientation_arrow,Which direction does the orange orientation arrow point?,right,up,left,down,diagonal,B,up,standard_holdout,standard,standard_grid,normal,medium,spatial_reasoning
tray_006_q06,tray_006,images/tray_006.png,instrument_count,How many gauze items are visible?,1,0,2,4,3,C,2,standard_holdout,standard,standard_grid,normal,medium,inventory_check
tray_006_q07,tray_006,images/tray_006.png,checklist_order,"In the checklist strip, which step comes immediately after step 5?",4,2,5,1,3,B,2,standard_holdout,standard,standard_grid,normal,medium,sequence_memory
tray_007_q00,tray_007,images/tray_007.png,instrument_slot,Which compartment contains the forceps?,Slot 5,Slot 4,Slot 3,Slot 2,Slot 1,C,Slot 3,standard_holdout,standard,wide_grid,normal,medium,inventory_check
tray_007_q01,tray_007,images/tray_007.png,empty_slot,Which numbered compartment is empty?,Slot 4,Slot 3,Slot 6,Slot 1,Slot 2,C,Slot 6,standard_holdout,standard,wide_grid,normal,medium,inventory_check
tray_007_q02,tray_007,images/tray_007.png,indicator_color,What color is the sterility indicator strip?,green,blue,amber,pink,brown,B,blue,standard_holdout,standard,wide_grid,normal,medium,sterility_check
tray_007_q03,tray_007,images/tray_007.png,tag_code,What two-digit tray tag is displayed?,80,92,33,60,23,D,60,standard_holdout,standard,wide_grid,normal,medium,text_reading
tray_007_q04,tray_007,images/tray_007.png,seal_breach,Where is the red wrap breach mark located?,upper-left,upper-right,center,lower-right,lower-left,A,upper-left,standard_holdout,standard,wide_grid,normal,medium,sterility_check
tray_007_q05,tray_007,images/tray_007.png,orientation_arrow,Which direction does the orange orientation arrow point?,down,left,diagonal,right,up,A,down,standard_holdout,standard,wide_grid,normal,medium,spatial_reasoning
tray_007_q06,tray_007,images/tray_007.png,instrument_count,How many gauze items are visible?,3,0,4,2,1,D,2,standard_holdout,standard,wide_grid,normal,medium,inventory_check
tray_007_q07,tray_007,images/tray_007.png,checklist_order,"In the checklist strip, which step comes immediately after step 3?",5,3,4,2,1,C,4,standard_holdout,standard,wide_grid,normal,medium,sequence_memory
tray_008_q00,tray_008,images/tray_008.png,instrument_slot,Which compartment contains the gauze?,Slot 5,Slot 2,Slot 4,Slot 1,Slot 3,A,Slot 5,standard_holdout,standard,standard_grid,normal,medium,inventory_check
tray_008_q01,tray_008,images/tray_008.png,empty_slot,Which numbered compartment is empty?,Slot 2,Slot 3,Slot 4,Slot 5,Slot 1,A,Slot 2,standard_holdout,standard,standard_grid,normal,medium,inventory_check
tray_008_q02,tray_008,images/tray_008.png,indicator_color,What color is the sterility indicator strip?,blue,brown,green,amber,pink,D,amber,standard_holdout,standard,standard_grid,normal,medium,sterility_check
tray_008_q03,tray_008,images/tray_008.png,tag_code,What two-digit tray tag is displayed?,26,50,86,64,34,B,50,standard_holdout,standard,standard_grid,normal,medium,text_reading
tray_008_q04,tray_008,images/tray_008.png,seal_breach,Where is the red wrap breach mark located?,center,upper-left,lower-left,lower-right,upper-right,D,lower-right,standard_holdout,standard,standard_grid,normal,medium,sterility_check
tray_008_q05,tray_008,images/tray_008.png,orientation_arrow,Which direction does the orange orientation arrow point?,diagonal,left,down,up,right,E,right,standard_holdout,standard,standard_grid,normal,medium,spatial_reasoning
tray_008_q06,tray_008,images/tray_008.png,instrument_count,How many gauze items are visible?,3,1,0,2,4,B,1,standard_holdout,standard,standard_grid,normal,medium,inventory_check
tray_008_q07,tray_008,images/tray_008.png,checklist_order,"In the checklist strip, which step comes immediately after step 4?",3,4,1,5,2,A,3,standard_holdout,standard,standard_grid,normal,medium,sequence_memory
tray_009_q00,tray_009,images/tray_009.png,instrument_slot,Which compartment contains the syringe?,Slot 2,Slot 4,Slot 1,Slot 3,Slot 6,E,Slot 6,standard_holdout,standard,wide_grid,normal,medium,inventory_check
tray_009_q01,tray_009,images/tray_009.png,empty_slot,Which numbered compartment is empty?,Slot 5,Slot 4,Slot 2,Slot 3,Slot 1,A,Slot 5,standard_holdout,standard,wide_grid,normal,medium,inventory_check
tray_009_q02,tray_009,images/tray_009.png,indicator_color,What color is the sterility indicator strip?,blue,pink,green,amber,brown,E,brown,standard_holdout,standard,wide_grid,normal,medium,sterility_check
tray_009_q03,tray_009,images/tray_009.png,tag_code,What two-digit tray tag is displayed?,72,35,31,30,22,D,30,standard_holdout,standard,wide_grid,normal,medium,text_reading
tray_009_q04,tray_009,images/tray_009.png,seal_breach,Where is the red wrap breach mark located?,center,upper-left,lower-right,lower-left,upper-right,A,center,standard_holdout,standard,wide_grid,normal,medium,sterility_check
tray_009_q05,tray_009,images/tray_009.png,orientation_arrow,Which direction does the orange orientation arrow point?,down,right,left,diagonal,up,A,down,standard_holdout,standard,wide_grid,normal,medium,spatial_reasoning
tray_009_q06,tray_009,images/tray_009.png,instrument_count,How many forceps items are visible?,1,0,3,4,2,A,1,standard_holdout,standard,wide_grid,normal,medium,inventory_check
tray_009_q07,tray_009,images/tray_009.png,checklist_order,"In the checklist strip, which step comes immediately after step 2?",3,4,1,2,5,B,4,standard_holdout,standard,wide_grid,normal,medium,sequence_memory
tray_010_q00,tray_010,images/tray_010.png,instrument_slot,Which compartment contains the scalpel?,Slot 5,Slot 4,Slot 2,Slot 1,Slot 3,B,Slot 4,standard_holdout,standard,offset_grid,normal,low,inventory_check
tray_010_q01,tray_010,images/tray_010.png,empty_slot,Which numbered compartment is empty?,Slot 5,Slot 2,Slot 3,Slot 4,Slot 1,B,Slot 2,standard_holdout,standard,offset_grid,normal,low,inventory_check
tray_010_q02,tray_010,images/tray_010.png,indicator_color,What color is the sterility indicator strip?,pink,green,blue,amber,brown,E,brown,standard_holdout,standard,offset_grid,normal,low,sterility_check
tray_010_q03,tray_010,images/tray_010.png,tag_code,What two-digit tray tag is displayed?,97,46,92,91,75,C,92,standard_holdout,standard,offset_grid,normal,low,text_reading
tray_010_q04,tray_010,images/tray_010.png,seal_breach,Where is the red wrap breach mark located?,upper-right,center,upper-left,lower-left,lower-right,A,upper-right,standard_holdout,standard,offset_grid,normal,low,sterility_check
tray_010_q05,tray_010,images/tray_010.png,orientation_arrow,Which direction does the orange orientation arrow point?,diagonal,up,right,left,down,B,up,standard_holdout,standard,offset_grid,normal,low,spatial_reasoning
tray_010_q06,tray_010,images/tray_010.png,instrument_count,How many gauze items are visible?,0,2,3,4,1,A,0,standard_holdout,standard,offset_grid,normal,low,inventory_check
tray_010_q07,tray_010,images/tray_010.png,checklist_order,"In the checklist strip, which step comes immediately after step 2?",4,3,1,2,5,C,1,standard_holdout,standard,offset_grid,normal,low,sequence_memory
tray_011_q00,tray_011,images/tray_011.png,instrument_slot,Which compartment contains the clamp?,Slot 1,Slot 2,Slot 4,Slot 3,Slot 6,E,Slot 6,standard_holdout,standard,compact_grid,normal,low,inventory_check
tray_011_q01,tray_011,images/tray_011.png,empty_slot,Which numbered compartment is empty?,Slot 5,Slot 2,Slot 4,Slot 1,Slot 3,E,Slot 3,standard_holdout,standard,compact_grid,normal,low,inventory_check
tray_011_q02,tray_011,images/tray_011.png,indicator_color,What color is the sterility indicator strip?,amber,brown,pink,green,blue,B,brown,standard_holdout,standard,compact_grid,normal,low,sterility_check
tray_011_q03,tray_011,images/tray_011.png,tag_code,What two-digit tray tag is displayed?,87,31,72,13,74,A,87,standard_holdout,standard,compact_grid,normal,low,text_reading
tray_011_q04,tray_011,images/tray_011.png,seal_breach,Where is the red wrap breach mark located?,lower-left,upper-right,upper-left,lower-right,center,A,lower-left,standard_holdout,standard,compact_grid,normal,low,sterility_check
tray_011_q05,tray_011,images/tray_011.png,orientation_arrow,Which direction does the orange orientation arrow point?,right,down,up,diagonal,left,E,left,standard_holdout,standard,compact_grid,normal,low,spatial_reasoning
tray_011_q06,tray_011,images/tray_011.png,instrument_count,How many gauze items are visible?,0,2,1,4,3,C,1,standard_holdout,standard,compact_grid,normal,low,inventory_check
tray_011_q07,tray_011,images/tray_011.png,checklist_order,"In the checklist strip, which step comes immediately after step 1?",1,2,3,4,5,E,5,standard_holdout,standard,compact_grid,normal,low,sequence_memory
tray_012_q00,tray_012,images/tray_012.png,instrument_slot,Which compartment contains the gauze?,Slot 2,Slot 1,Slot 4,Slot 3,Slot 5,C,Slot 4,standard_holdout,standard,compact_grid,normal,low,inventory_check
tray_012_q01,tray_012,images/tray_012.png,empty_slot,Which numbered compartment is empty?,Slot 4,Slot 1,Slot 3,Slot 2,Slot 5,D,Slot 2,standard_holdout,standard,compact_grid,normal,low,inventory_check
tray_012_q02,tray_012,images/tray_012.png,indicator_color,What color is the sterility indicator strip?,blue,green,amber,pink,brown,E,brown,standard_holdout,standard,compact_grid,normal,low,sterility_check
tray_012_q03,tray_012,images/tray_012.png,tag_code,What two-digit tray tag is displayed?,21,24,54,36,96,E,96,standard_holdout,standard,compact_grid,normal,low,text_reading
tray_012_q04,tray_012,images/tray_012.png,seal_breach,Where is the red wrap breach mark located?,lower-left,center,upper-right,upper-left,lower-right,B,center,standard_holdout,standard,compact_grid,normal,low,sterility_check
tray_012_q05,tray_012,images/tray_012.png,orientation_arrow,Which direction does the orange orientation arrow point?,up,down,right,left,diagonal,B,down,standard_holdout,standard,compact_grid,normal,low,spatial_reasoning
tray_012_q06,tray_012,images/tray_012.png,instrument_count,How many scalpel items are visible?,1,4,2,3,0,E,0,standard_holdout,standard,compact_grid,normal,low,inventory_check
tray_012_q07,tray_012,images/tray_012.png,checklist_order,"In the checklist strip, which step comes immediately after step 2?",3,4,2,5,1,B,4,standard_holdout,standard,compact_grid,normal,low,sequence_memory
tray_013_q00,tray_013,images/tray_013.png,instrument_slot,Which compartment contains the syringe?,Slot 3,Slot 2,Slot 4,Slot 5,Slot 1,E,Slot 1,standard_holdout,standard,wide_grid,normal,medium,inventory_check
tray_013_q01,tray_013,images/tray_013.png,empty_slot,Which numbered compartment is empty?,Slot 1,Slot 6,Slot 3,Slot 2,Slot 4,B,Slot 6,standard_holdout,standard,wide_grid,normal,medium,inventory_check
tray_013_q02,tray_013,images/tray_013.png,indicator_color,What color is the sterility indicator strip?,pink,amber,green,brown,blue,C,green,standard_holdout,standard,wide_grid,normal,medium,sterility_check
tray_013_q03,tray_013,images/tray_013.png,tag_code,What two-digit tray tag is displayed?,92,27,44,96,26,E,26,standard_holdout,standard,wide_grid,normal,medium,text_reading
tray_013_q04,tray_013,images/tray_013.png,seal_breach,Where is the red wrap breach mark located?,lower-left,lower-right,upper-right,upper-left,center,C,upper-right,standard_holdout,standard,wide_grid,normal,medium,sterility_check
tray_013_q05,tray_013,images/tray_013.png,orientation_arrow,Which direction does the orange orientation arrow point?,down,left,diagonal,right,up,D,right,standard_holdout,standard,wide_grid,normal,medium,spatial_reasoning
tray_013_q06,tray_013,images/tray_013.png,instrument_count,How many forceps items are visible?,0,1,2,4,3,C,2,standard_holdout,standard,wide_grid,normal,medium,inventory_check
tray_013_q07,tray_013,images/tray_013.png,checklist_order,"In the checklist strip, which step comes immediately after step 1?",2,3,1,5,4,E,4,standard_holdout,standard,wide_grid,normal,medium,sequence_memory
tray_014_q00,tray_014,images/tray_014.png,instrument_slot,Which compartment contains the scalpel?,Slot 2,Slot 5,Slot 3,Slot 1,Slot 4,B,Slot 5,standard_holdout,standard,standard_grid,normal,medium,inventory_check
tray_014_q01,tray_014,images/tray_014.png,empty_slot,Which numbered compartment is empty?,Slot 3,Slot 1,Slot 2,Slot 4,Slot 5,B,Slot 1,standard_holdout,standard,standard_grid,normal,medium,inventory_check
tray_014_q02,tray_014,images/tray_014.png,indicator_color,What color is the sterility indicator strip?,blue,green,brown,amber,pink,D,amber,standard_holdout,standard,standard_grid,normal,medium,sterility_check
tray_014_q03,tray_014,images/tray_014.png,tag_code,What two-digit tray tag is displayed?,60,89,66,38,84,C,66,standard_holdout,standard,standard_grid,normal,medium,text_reading
tray_014_q04,tray_014,images/tray_014.png,seal_breach,Where is the red wrap breach mark located?,lower-right,center,upper-left,lower-left,upper-right,B,center,standard_holdout,standard,standard_grid,normal,medium,sterility_check
tray_014_q05,tray_014,images/tray_014.png,orientation_arrow,Which direction does the orange orientation arrow point?,diagonal,up,right,down,left,B,up,standard_holdout,standard,standard_grid,normal,medium,spatial_reasoning
tray_014_q06,tray_014,images/tray_014.png,instrument_count,How many clamp items are visible?,1,2,3,0,4,A,1,standard_holdout,standard,standard_grid,normal,medium,inventory_check
tray_014_q07,tray_014,images/tray_014.png,checklist_order,"In the checklist strip, which step comes immediately after step 3?",4,3,1,5,2,A,4,standard_holdout,standard,standard_grid,normal,medium,sequence_memory
tray_015_q00,tray_015,images/tray_015.png,instrument_slot,Which compartment contains the clamp?,Slot 3,Slot 1,Slot 5,Slot 2,Slot 4,B,Slot 1,standard_holdout,standard,standard_grid,normal,low,inventory_check
tray_015_q01,tray_015,images/tray_015.png,empty_slot,Which numbered compartment is empty?,Slot 3,Slot 4,Slot 6,Slot 1,Slot 2,C,Slot 6,standard_holdout,standard,standard_grid,normal,low,inventory_check
tray_015_q02,tray_015,images/tray_015.png,indicator_color,What color is the sterility indicator strip?,pink,green,blue,brown,amber,D,brown,standard_holdout,standard,standard_grid,normal,low,sterility_check
tray_015_q03,tray_015,images/tray_015.png,tag_code,What two-digit tray tag is displayed?,17,26,37,94,21,D,94,standard_holdout,standard,standard_grid,normal,low,text_reading
tray_015_q04,tray_015,images/tray_015.png,seal_breach,Where is the red wrap breach mark located?,lower-right,upper-left,upper-right,center,lower-left,B,upper-left,standard_holdout,standard,standard_grid,normal,low,sterility_check
tray_015_q05,tray_015,images/tray_015.png,orientation_arrow,Which direction does the orange orientation arrow point?,diagonal,down,right,up,left,C,right,standard_holdout,standard,standard_grid,normal,low,spatial_reasoning
tray_015_q06,tray_015,images/tray_015.png,instrument_count,How many syringe items are visible?,4,1,3,0,2,B,1,standard_holdout,standard,standard_grid,normal,low,inventory_check
tray_015_q07,tray_015,images/tray_015.png,checklist_order,"In the checklist strip, which step comes immediately after step 1?",5,1,4,3,2,D,3,standard_holdout,standard,standard_grid,normal,low,sequence_memory
tray_016_q00,tray_016,images/tray_016.png,instrument_slot,Which compartment contains the syringe?,Slot 3,Slot 5,Slot 1,Slot 4,Slot 2,A,Slot 3,standard_holdout,standard,compact_grid,normal,low,inventory_check
tray_016_q01,tray_016,images/tray_016.png,empty_slot,Which numbered compartment is empty?,Slot 2,Slot 1,Slot 5,Slot 3,Slot 4,E,Slot 4,standard_holdout,standard,compact_grid,normal,low,inventory_check
tray_016_q02,tray_016,images/tray_016.png,indicator_color,What color is the sterility indicator strip?,amber,brown,blue,pink,green,E,green,standard_holdout,standard,compact_grid,normal,low,sterility_check
tray_016_q03,tray_016,images/tray_016.png,tag_code,What two-digit tray tag is displayed?,31,42,12,41,70,A,31,standard_holdout,standard,compact_grid,normal,low,text_reading
tray_016_q04,tray_016,images/tray_016.png,seal_breach,Where is the red wrap breach mark located?,lower-right,center,lower-left,upper-right,upper-left,D,upper-right,standard_holdout,standard,compact_grid,normal,low,sterility_check
tray_016_q05,tray_016,images/tray_016.png,orientation_arrow,Which direction does the orange orientation arrow point?,up,left,diagonal,right,down,B,left,standard_holdout,standard,compact_grid,normal,low,spatial_reasoning
tray_016_q06,tray_016,images/tray_016.png,instrument_count,How many clamp items are visible?,2,4,1,3,0,E,0,standard_holdout,standard,compact_grid,normal,low,inventory_check
tray_016_q07,tray_016,images/tray_016.png,checklist_order,"In the checklist strip, which step comes immediately after step 5?",4,2,1,5,3,A,4,standard_holdout,standard,compact_grid,normal,low,sequence_memory
tray_017_q00,tray_017,images/tray_017.png,instrument_slot,Which compartment contains the clamp?,Slot 4,Slot 3,Slot 5,Slot 2,Slot 1,E,Slot 1,standard_holdout,standard,offset_grid,normal,medium,inventory_check
tray_017_q01,tray_017,images/tray_017.png,empty_slot,Which numbered compartment is empty?,Slot 5,Slot 3,Slot 2,Slot 1,Slot 4,A,Slot 5,standard_holdout,standard,offset_grid,normal,medium,inventory_check
tray_017_q02,tray_017,images/tray_017.png,indicator_color,What color is the sterility indicator strip?,brown,green,pink,blue,amber,D,blue,standard_holdout,standard,offset_grid,normal,medium,sterility_check
tray_017_q03,tray_017,images/tray_017.png,tag_code,What two-digit tray tag is displayed?,15,75,43,65,13,E,13,standard_holdout,standard,offset_grid,normal,medium,text_reading
tray_017_q04,tray_017,images/tray_017.png,seal_breach,Where is the red wrap breach mark located?,lower-left,upper-right,center,upper-left,lower-right,B,upper-right,standard_holdout,standard,offset_grid,normal,medium,sterility_check
tray_017_q05,tray_017,images/tray_017.png,orientation_arrow,Which direction does the orange orientation arrow point?,diagonal,left,down,up,right,A,diagonal,standard_holdout,standard,offset_grid,normal,medium,spatial_reasoning
tray_017_q06,tray_017,images/tray_017.png,instrument_count,How many scalpel items are visible?,3,4,1,0,2,E,2,standard_holdout,standard,offset_grid,normal,medium,inventory_check
tray_017_q07,tray_017,images/tray_017.png,checklist_order,"In the checklist strip, which step comes immediately after step 1?",2,5,4,3,1,C,4,standard_holdout,standard,offset_grid,normal,medium,sequence_memory
tray_018_q00,tray_018,images/tray_018.png,instrument_slot,Which compartment contains the syringe?,Slot 3,Slot 1,Slot 2,Slot 4,Slot 5,B,Slot 1,standard_holdout,standard,compact_grid,normal,low,inventory_check
tray_018_q01,tray_018,images/tray_018.png,empty_slot,Which numbered compartment is empty?,Slot 5,Slot 3,Slot 4,Slot 2,Slot 1,D,Slot 2,standard_holdout,standard,compact_grid,normal,low,inventory_check
tray_018_q02,tray_018,images/tray_018.png,indicator_color,What color is the sterility indicator strip?,green,amber,pink,blue,brown,E,brown,standard_holdout,standard,compact_grid,normal,low,sterility_check
tray_018_q03,tray_018,images/tray_018.png,tag_code,What two-digit tray tag is displayed?,76,35,95,37,75,C,95,standard_holdout,standard,compact_grid,normal,low,text_reading
tray_018_q04,tray_018,images/tray_018.png,seal_breach,Where is the red wrap breach mark located?,lower-left,center,upper-right,lower-right,upper-left,C,upper-right,standard_holdout,standard,compact_grid,normal,low,sterility_check
tray_018_q05,tray_018,images/tray_018.png,orientation_arrow,Which direction does the orange orientation arrow point?,diagonal,down,right,left,up,C,right,standard_holdout,standard,compact_grid,normal,low,spatial_reasoning
tray_018_q06,tray_018,images/tray_018.png,instrument_count,How many syringe items are visible?,4,1,3,0,2,B,1,standard_holdout,standard,compact_grid,normal,low,inventory_check
tray_018_q07,tray_018,images/tray_018.png,checklist_order,"In the checklist strip, which step comes immediately after step 3?",2,3,1,4,5,E,5,standard_holdout,standard,compact_grid,normal,low,sequence_memory
tray_019_q00,tray_019,images/tray_019.png,instrument_slot,Which compartment contains the forceps?,Slot 5,Slot 4,Slot 2,Slot 3,Slot 1,A,Slot 5,standard_holdout,standard,standard_grid,normal,low,inventory_check
tray_019_q01,tray_019,images/tray_019.png,empty_slot,Which numbered compartment is empty?,Slot 6,Slot 3,Slot 1,Slot 2,Slot 4,A,Slot 6,standard_holdout,standard,standard_grid,normal,low,inventory_check
tray_019_q02,tray_019,images/tray_019.png,indicator_color,What color is the sterility indicator strip?,green,brown,blue,pink,amber,C,blue,standard_holdout,standard,standard_grid,normal,low,sterility_check
tray_019_q03,tray_019,images/tray_019.png,tag_code,What two-digit tray tag is displayed?,42,26,54,69,41,A,42,standard_holdout,standard,standard_grid,normal,low,text_reading
tray_019_q04,tray_019,images/tray_019.png,seal_breach,Where is the red wrap breach mark located?,upper-left,center,lower-left,lower-right,upper-right,A,upper-left,standard_holdout,standard,standard_grid,normal,low,sterility_check
tray_019_q05,tray_019,images/tray_019.png,orientation_arrow,Which direction does the orange orientation arrow point?,down,left,up,diagonal,right,C,up,standard_holdout,standard,standard_grid,normal,low,spatial_reasoning
tray_019_q06,tray_019,images/tray_019.png,instrument_count,How many clamp items are visible?,0,3,1,2,4,C,1,standard_holdout,standard,standard_grid,normal,low,inventory_check
tray_019_q07,tray_019,images/tray_019.png,checklist_order,"In the checklist strip, which step comes immediately after step 3?",4,3,5,2,1,A,4,standard_holdout,standard,standard_grid,normal,low,sequence_memory
tray_020_q00,tray_020,images/tray_020.png,instrument_slot,Which compartment contains the clamp?,Slot 5,Slot 2,Slot 3,Slot 4,Slot 1,C,Slot 3,standard_holdout,standard,compact_grid,normal,medium,inventory_check
tray_020_q01,tray_020,images/tray_020.png,empty_slot,Which numbered compartment is empty?,Slot 5,Slot 1,Slot 2,Slot 4,Slot 3,A,Slot 5,standard_holdout,standard,compact_grid,normal,medium,inventory_check
tray_020_q02,tray_020,images/tray_020.png,indicator_color,What color is the sterility indicator strip?,blue,pink,green,brown,amber,D,brown,standard_holdout,standard,compact_grid,normal,medium,sterility_check
tray_020_q03,tray_020,images/tray_020.png,tag_code,What two-digit tray tag is displayed?,77,47,37,98,96,A,77,standard_holdout,standard,compact_grid,normal,medium,text_reading
tray_020_q04,tray_020,images/tray_020.png,seal_breach,Where is the red wrap breach mark located?,upper-left,upper-right,lower-right,lower-left,center,D,lower-left,standard_holdout,standard,compact_grid,normal,medium,sterility_check
tray_020_q05,tray_020,images/tray_020.png,orientation_arrow,Which direction does the orange orientation arrow point?,up,right,left,diagonal,down,B,right,standard_holdout,standard,compact_grid,normal,medium,spatial_reasoning
tray_020_q06,tray_020,images/tray_020.png,instrument_count,How many syringe items are visible?,1,3,4,0,2,A,1,standard_holdout,standard,compact_grid,normal,medium,inventory_check
tray_020_q07,tray_020,images/tray_020.png,checklist_order,"In the checklist strip, which step comes immediately after step 1?",4,2,3,1,5,B,2,standard_holdout,standard,compact_grid,normal,medium,sequence_memory
tray_021_q00,tray_021,images/tray_021.png,instrument_slot,Which compartment contains the syringe?,Slot 5,Slot 1,Slot 2,Slot 3,Slot 4,A,Slot 5,standard_holdout,standard,wide_grid,normal,low,inventory_check
tray_021_q01,tray_021,images/tray_021.png,empty_slot,Which numbered compartment is empty?,Slot 2,Slot 3,Slot 4,Slot 1,Slot 5,D,Slot 1,standard_holdout,standard,wide_grid,normal,low,inventory_check
tray_021_q02,tray_021,images/tray_021.png,indicator_color,What color is the sterility indicator strip?,green,pink,blue,amber,brown,B,pink,standard_holdout,standard,wide_grid,normal,low,sterility_check
tray_021_q03,tray_021,images/tray_021.png,tag_code,What two-digit tray tag is displayed?,18,64,47,52,39,B,64,standard_holdout,standard,wide_grid,normal,low,text_reading
tray_021_q04,tray_021,images/tray_021.png,seal_breach,Where is the red wrap breach mark located?,upper-left,lower-right,upper-right,lower-left,center,E,center,standard_holdout,standard,wide_grid,normal,low,sterility_check
tray_021_q05,tray_021,images/tray_021.png,orientation_arrow,Which direction does the orange orientation arrow point?,up,right,down,left,diagonal,C,down,standard_holdout,standard,wide_grid,normal,low,spatial_reasoning
tray_021_q06,tray_021,images/tray_021.png,instrument_count,How many scalpel items are visible?,2,1,3,4,0,E,0,standard_holdout,standard,wide_grid,normal,low,inventory_check
tray_021_q07,tray_021,images/tray_021.png,checklist_order,"In the checklist strip, which step comes immediately after step 4?",3,4,2,1,5,E,5,standard_holdout,standard,wide_grid,normal,low,sequence_memory
tray_022_q00,tray_022,images/tray_022.png,instrument_slot,Which compartment contains the gauze?,Slot 3,Slot 1,Slot 2,Slot 4,Slot 5,D,Slot 4,standard_holdout,standard,standard_grid,normal,medium,inventory_check
tray_022_q01,tray_022,images/tray_022.png,empty_slot,Which numbered compartment is empty?,Slot 1,Slot 3,Slot 5,Slot 4,Slot 2,B,Slot 3,standard_holdout,standard,standard_grid,normal,medium,inventory_check
tray_022_q02,tray_022,images/tray_022.png,indicator_color,What color is the sterility indicator strip?,brown,amber,green,pink,blue,D,pink,standard_holdout,standard,standard_grid,normal,medium,sterility_check
tray_022_q03,tray_022,images/tray_022.png,tag_code,What two-digit tray tag is displayed?,54,43,82,38,65,D,38,standard_holdout,standard,standard_grid,normal,medium,text_reading
tray_022_q04,tray_022,images/tray_022.png,seal_breach,Where is the red wrap breach mark located?,upper-left,center,upper-right,lower-left,lower-right,D,lower-left,standard_holdout,standard,standard_grid,normal,medium,sterility_check
tray_022_q05,tray_022,images/tray_022.png,orientation_arrow,Which direction does the orange orientation arrow point?,down,left,up,diagonal,right,A,down,standard_holdout,standard,standard_grid,normal,medium,spatial_reasoning
tray_022_q06,tray_022,images/tray_022.png,instrument_count,How many forceps items are visible?,1,4,2,3,0,C,2,standard_holdout,standard,standard_grid,normal,medium,inventory_check
tray_022_q07,tray_022,images/tray_022.png,checklist_order,"In the checklist strip, which step comes immediately after step 2?",2,1,4,3,5,E,5,standard_holdout,standard,standard_grid,normal,medium,sequence_memory
tray_023_q00,tray_023,images/tray_023.png,instrument_slot,Which compartment contains the scalpel?,Slot 1,Slot 5,Slot 2,Slot 3,Slot 4,D,Slot 3,standard_holdout,standard,wide_grid,normal,low,inventory_check
tray_023_q01,tray_023,images/tray_023.png,empty_slot,Which numbered compartment is empty?,Slot 1,Slot 4,Slot 2,Slot 3,Slot 5,E,Slot 5,standard_holdout,standard,wide_grid,normal,low,inventory_check
tray_023_q02,tray_023,images/tray_023.png,indicator_color,What color is the sterility indicator strip?,pink,amber,green,brown,blue,E,blue,standard_holdout,standard,wide_grid,normal,low,sterility_check
tray_023_q03,tray_023,images/tray_023.png,tag_code,What two-digit tray tag is displayed?,14,35,84,20,57,E,57,standard_holdout,standard,wide_grid,normal,low,text_reading
tray_023_q04,tray_023,images/tray_023.png,seal_breach,Where is the red wrap breach mark located?,center,upper-right,lower-right,upper-left,lower-left,D,upper-left,standard_holdout,standard,wide_grid,normal,low,sterility_check
tray_023_q05,tray_023,images/tray_023.png,orientation_arrow,Which direction does the orange orientation arrow point?,up,right,down,diagonal,left,A,up,standard_holdout,standard,wide_grid,normal,low,spatial_reasoning
tray_023_q06,tray_023,images/tray_023.png,instrument_count,How many scalpel items are visible?,2,4,1,3,0,C,1,standard_holdout,standard,wide_grid,normal,low,inventory_check
tray_023_q07,tray_023,images/tray_023.png,checklist_order,"In the checklist strip, which step comes immediately after step 4?",2,1,4,5,3,D,5,standard_holdout,standard,wide_grid,normal,low,sequence_memory
tray_024_q00,tray_024,images/tray_024.png,instrument_slot,Which compartment contains the clamp?,Slot 3,Slot 4,Slot 1,Slot 2,Slot 5,A,Slot 3,standard_holdout,standard,compact_grid,normal,medium,inventory_check
tray_024_q01,tray_024,images/tray_024.png,empty_slot,Which numbered compartment is empty?,Slot 2,Slot 4,Slot 6,Slot 1,Slot 3,C,Slot 6,standard_holdout,standard,compact_grid,normal,medium,inventory_check
tray_024_q02,tray_024,images/tray_024.png,indicator_color,What color is the sterility indicator strip?,green,pink,amber,brown,blue,D,brown,standard_holdout,standard,compact_grid,normal,medium,sterility_check
tray_024_q03,tray_024,images/tray_024.png,tag_code,What two-digit tray tag is displayed?,23,93,39,43,95,A,23,standard_holdout,standard,compact_grid,normal,medium,text_reading
tray_024_q04,tray_024,images/tray_024.png,seal_breach,Where is the red wrap breach mark located?,upper-left,center,lower-right,upper-right,lower-left,C,lower-right,standard_holdout,standard,compact_grid,normal,medium,sterility_check
tray_024_q05,tray_024,images/tray_024.png,orientation_arrow,Which direction does the orange orientation arrow point?,down,left,right,diagonal,up,E,up,standard_holdout,standard,compact_grid,normal,medium,spatial_reasoning
tray_024_q06,tray_024,images/tray_024.png,instrument_count,How many syringe items are visible?,1,3,0,4,2,A,1,standard_holdout,standard,compact_grid,normal,medium,inventory_check
tray_024_q07,tray_024,images/tray_024.png,checklist_order,"In the checklist strip, which step comes immediately after step 5?",1,4,2,5,3,A,1,standard_holdout,standard,compact_grid,normal,medium,sequence_memory
tray_025_q00,tray_025,images/tray_025.png,instrument_slot,Which compartment contains the clamp?,Slot 2,Slot 4,Slot 3,Slot 5,Slot 1,B,Slot 4,standard_holdout,standard,standard_grid,normal,medium,inventory_check
tray_025_q01,tray_025,images/tray_025.png,empty_slot,Which numbered compartment is empty?,Slot 5,Slot 3,Slot 4,Slot 1,Slot 2,E,Slot 2,standard_holdout,standard,standard_grid,normal,medium,inventory_check
tray_025_q02,tray_025,images/tray_025.png,indicator_color,What color is the sterility indicator strip?,pink,green,amber,brown,blue,E,blue,standard_holdout,standard,standard_grid,normal,medium,sterility_check
tray_025_q03,tray_025,images/tray_025.png,tag_code,What two-digit tray tag is displayed?,47,34,91,35,14,C,91,standard_holdout,standard,standard_grid,normal,medium,text_reading
tray_025_q04,tray_025,images/tray_025.png,seal_breach,Where is the red wrap breach mark located?,lower-right,center,upper-right,lower-left,upper-left,A,lower-right,standard_holdout,standard,standard_grid,normal,medium,sterility_check
tray_025_q05,tray_025,images/tray_025.png,orientation_arrow,Which direction does the orange orientation arrow point?,down,up,diagonal,left,right,E,right,standard_holdout,standard,standard_grid,normal,medium,spatial_reasoning
tray_025_q06,tray_025,images/tray_025.png,instrument_count,How many clamp items are visible?,1,2,3,4,0,A,1,standard_holdout,standard,standard_grid,normal,medium,inventory_check
tray_025_q07,tray_025,images/tray_025.png,checklist_order,"In the checklist strip, which step comes immediately after step 5?",4,2,5,3,1,D,3,standard_holdout,standard,standard_grid,normal,medium,sequence_memory
tray_026_q00,tray_026,images/tray_026.png,instrument_slot,Which compartment contains the syringe?,Slot 4,Slot 3,Slot 1,Slot 6,Slot 2,D,Slot 6,standard_holdout,standard,wide_grid,normal,medium,inventory_check
tray_026_q01,tray_026,images/tray_026.png,empty_slot,Which numbered compartment is empty?,Slot 5,Slot 2,Slot 3,Slot 1,Slot 4,A,Slot 5,standard_holdout,standard,wide_grid,normal,medium,inventory_check
tray_026_q02,tray_026,images/tray_026.png,indicator_color,What color is the sterility indicator strip?,green,pink,brown,amber,blue,E,blue,standard_holdout,standard,wide_grid,normal,medium,sterility_check
tray_026_q03,tray_026,images/tray_026.png,tag_code,What two-digit tray tag is displayed?,41,25,74,11,78,D,11,standard_holdout,standard,wide_grid,normal,medium,text_reading
tray_026_q04,tray_026,images/tray_026.png,seal_breach,Where is the red wrap breach mark located?,lower-left,upper-left,upper-right,center,lower-right,D,center,standard_holdout,standard,wide_grid,normal,medium,sterility_check
tray_026_q05,tray_026,images/tray_026.png,orientation_arrow,Which direction does the orange orientation arrow point?,diagonal,right,left,up,down,B,right,standard_holdout,standard,wide_grid,normal,medium,spatial_reasoning
tray_026_q06,tray_026,images/tray_026.png,instrument_count,How many gauze items are visible?,3,0,4,1,2,B,0,standard_holdout,standard,wide_grid,normal,medium,inventory_check
tray_026_q07,tray_026,images/tray_026.png,checklist_order,"In the checklist strip, which step comes immediately after step 1?",1,4,2,3,5,B,4,standard_holdout,standard,wide_grid,normal,medium,sequence_memory
tray_027_q00,tray_027,images/tray_027.png,instrument_slot,Which compartment contains the forceps?,Slot 3,Slot 1,Slot 4,Slot 5,Slot 2,A,Slot 3,standard_holdout,standard,compact_grid,normal,low,inventory_check
tray_027_q01,tray_027,images/tray_027.png,empty_slot,Which numbered compartment is empty?,Slot 2,Slot 3,Slot 1,Slot 4,Slot 5,E,Slot 5,standard_holdout,standard,compact_grid,normal,low,inventory_check
tray_027_q02,tray_027,images/tray_027.png,indicator_color,What color is the sterility indicator strip?,green,amber,pink,blue,brown,B,amber,standard_holdout,standard,compact_grid,normal,low,sterility_check
tray_027_q03,tray_027,images/tray_027.png,tag_code,What two-digit tray tag is displayed?,35,32,25,68,65,C,25,standard_holdout,standard,compact_grid,normal,low,text_reading
tray_027_q04,tray_027,images/tray_027.png,seal_breach,Where is the red wrap breach mark located?,upper-right,lower-right,upper-left,center,lower-left,C,upper-left,standard_holdout,standard,compact_grid,normal,low,sterility_check
tray_027_q05,tray_027,images/tray_027.png,orientation_arrow,Which direction does the orange orientation arrow point?,diagonal,down,up,right,left,B,down,standard_holdout,standard,compact_grid,normal,low,spatial_reasoning
tray_027_q06,tray_027,images/tray_027.png,instrument_count,How many syringe items are visible?,4,3,1,0,2,D,0,standard_holdout,standard,compact_grid,normal,low,inventory_check
tray_027_q07,tray_027,images/tray_027.png,checklist_order,"In the checklist strip, which step comes immediately after step 3?",3,2,4,5,1,B,2,standard_holdout,standard,compact_grid,normal,low,sequence_memory
tray_028_q00,tray_028,images/tray_028.png,instrument_slot,Which compartment contains the forceps?,Slot 2,Slot 4,Slot 3,Slot 5,Slot 1,D,Slot 5,standard_holdout,standard,offset_grid,normal,medium,inventory_check
tray_028_q01,tray_028,images/tray_028.png,empty_slot,Which numbered compartment is empty?,Slot 5,Slot 3,Slot 1,Slot 4,Slot 2,B,Slot 3,standard_holdout,standard,offset_grid,normal,medium,inventory_check
tray_028_q02,tray_028,images/tray_028.png,indicator_color,What color is the sterility indicator strip?,amber,green,pink,blue,brown,A,amber,standard_holdout,standard,offset_grid,normal,medium,sterility_check
tray_028_q03,tray_028,images/tray_028.png,tag_code,What two-digit tray tag is displayed?,25,78,85,77,17,C,85,standard_holdout,standard,offset_grid,normal,medium,text_reading
tray_028_q04,tray_028,images/tray_028.png,seal_breach,Where is the red wrap breach mark located?,center,lower-left,upper-left,upper-right,lower-right,D,upper-right,standard_holdout,standard,offset_grid,normal,medium,sterility_check
tray_028_q05,tray_028,images/tray_028.png,orientation_arrow,Which direction does the orange orientation arrow point?,diagonal,down,right,left,up,D,left,standard_holdout,standard,offset_grid,normal,medium,spatial_reasoning
tray_028_q06,tray_028,images/tray_028.png,instrument_count,How many forceps items are visible?,4,1,3,2,0,B,1,standard_holdout,standard,offset_grid,normal,medium,inventory_check
tray_028_q07,tray_028,images/tray_028.png,checklist_order,"In the checklist strip, which step comes immediately after step 1?",5,2,1,3,4,B,2,standard_holdout,standard,offset_grid,normal,medium,sequence_memory
tray_029_q00,tray_029,images/tray_029.png,instrument_slot,Which compartment contains the clamp?,Slot 1,Slot 2,Slot 5,Slot 4,Slot 3,C,Slot 5,standard_holdout,standard,standard_grid,normal,medium,inventory_check
tray_029_q01,tray_029,images/tray_029.png,empty_slot,Which numbered compartment is empty?,Slot 3,Slot 6,Slot 1,Slot 2,Slot 4,B,Slot 6,standard_holdout,standard,standard_grid,normal,medium,inventory_check
tray_029_q02,tray_029,images/tray_029.png,indicator_color,What color is the sterility indicator strip?,brown,green,pink,blue,amber,C,pink,standard_holdout,standard,standard_grid,normal,medium,sterility_check
tray_029_q03,tray_029,images/tray_029.png,tag_code,What two-digit tray tag is displayed?,61,76,83,25,62,D,25,standard_holdout,standard,standard_grid,normal,medium,text_reading
tray_029_q04,tray_029,images/tray_029.png,seal_breach,Where is the red wrap breach mark located?,center,upper-right,lower-left,upper-left,lower-right,A,center,standard_holdout,standard,standard_grid,normal,medium,sterility_check
tray_029_q05,tray_029,images/tray_029.png,orientation_arrow,Which direction does the orange orientation arrow point?,up,down,left,diagonal,right,C,left,standard_holdout,standard,standard_grid,normal,medium,spatial_reasoning
tray_029_q06,tray_029,images/tray_029.png,instrument_count,How many scalpel items are visible?,2,4,1,0,3,C,1,standard_holdout,standard,standard_grid,normal,medium,inventory_check
tray_029_q07,tray_029,images/tray_029.png,checklist_order,"In the checklist strip, which step comes immediately after step 2?",1,4,3,2,5,E,5,standard_holdout,standard,standard_grid,normal,medium,sequence_memory
tray_030_q00,tray_030,images/tray_030.png,instrument_slot,Which compartment contains the scalpel?,Slot 4,Slot 1,Slot 5,Slot 2,Slot 3,E,Slot 3,standard_holdout,standard,wide_grid,normal,medium,inventory_check
tray_030_q01,tray_030,images/tray_030.png,empty_slot,Which numbered compartment is empty?,Slot 3,Slot 2,Slot 4,Slot 5,Slot 1,C,Slot 4,standard_holdout,standard,wide_grid,normal,medium,inventory_check
tray_030_q02,tray_030,images/tray_030.png,indicator_color,What color is the sterility indicator strip?,pink,brown,amber,green,blue,A,pink,standard_holdout,standard,wide_grid,normal,medium,sterility_check
tray_030_q03,tray_030,images/tray_030.png,tag_code,What two-digit tray tag is displayed?,80,90,24,66,14,B,90,standard_holdout,standard,wide_grid,normal,medium,text_reading
tray_030_q04,tray_030,images/tray_030.png,seal_breach,Where is the red wrap breach mark located?,lower-left,center,upper-left,upper-right,lower-right,D,upper-right,standard_holdout,standard,wide_grid,normal,medium,sterility_check
tray_030_q05,tray_030,images/tray_030.png,orientation_arrow,Which direction does the orange orientation arrow point?,down,up,right,left,diagonal,B,up,standard_holdout,standard,wide_grid,normal,medium,spatial_reasoning
tray_030_q06,tray_030,images/tray_030.png,instrument_count,How many forceps items are visible?,2,3,1,0,4,A,2,standard_holdout,standard,wide_grid,normal,medium,inventory_check
tray_030_q07,tray_030,images/tray_030.png,checklist_order,"In the checklist strip, which step comes immediately after step 4?",4,1,5,2,3,C,5,standard_holdout,standard,wide_grid,normal,medium,sequence_memory
tray_031_q00,tray_031,images/tray_031.png,instrument_slot,Which compartment contains the gauze?,Slot 1,Slot 2,Slot 3,Slot 4,Slot 5,E,Slot 5,standard_holdout,standard,standard_grid,normal,low,inventory_check
tray_031_q01,tray_031,images/tray_031.png,empty_slot,Which numbered compartment is empty?,Slot 3,Slot 1,Slot 5,Slot 4,Slot 2,B,Slot 1,standard_holdout,standard,standard_grid,normal,low,inventory_check
tray_031_q02,tray_031,images/tray_031.png,indicator_color,What color is the sterility indicator strip?,amber,green,pink,blue,brown,E,brown,standard_holdout,standard,standard_grid,normal,low,sterility_check
tray_031_q03,tray_031,images/tray_031.png,tag_code,What two-digit tray tag is displayed?,45,77,74,52,44,A,45,standard_holdout,standard,standard_grid,normal,low,text_reading
tray_031_q04,tray_031,images/tray_031.png,seal_breach,Where is the red wrap breach mark located?,lower-right,lower-left,upper-right,upper-left,center,B,lower-left,standard_holdout,standard,standard_grid,normal,low,sterility_check
tray_031_q05,tray_031,images/tray_031.png,orientation_arrow,Which direction does the orange orientation arrow point?,up,right,down,left,diagonal,C,down,standard_holdout,standard,standard_grid,normal,low,spatial_reasoning
tray_031_q06,tray_031,images/tray_031.png,instrument_count,How many scalpel items are visible?,1,4,3,0,2,A,1,standard_holdout,standard,standard_grid,normal,low,inventory_check
tray_031_q07,tray_031,images/tray_031.png,checklist_order,"In the checklist strip, which step comes immediately after step 5?",1,3,5,4,2,A,1,standard_holdout,standard,standard_grid,normal,low,sequence_memory
tray_032_q00,tray_032,images/tray_032.png,instrument_slot,Which compartment contains the gauze?,Slot 2,Slot 5,Slot 3,Slot 4,Slot 1,B,Slot 5,standard_holdout,standard,wide_grid,normal,low,inventory_check
tray_032_q01,tray_032,images/tray_032.png,empty_slot,Which numbered compartment is empty?,Slot 2,Slot 5,Slot 1,Slot 4,Slot 3,D,Slot 4,standard_holdout,standard,wide_grid,normal,low,inventory_check
tray_032_q02,tray_032,images/tray_032.png,indicator_color,What color is the sterility indicator strip?,green,blue,amber,brown,pink,B,blue,standard_holdout,standard,wide_grid,normal,low,sterility_check
tray_032_q03,tray_032,images/tray_032.png,tag_code,What two-digit tray tag is displayed?,70,20,13,68,29,B,20,standard_holdout,standard,wide_grid,normal,low,text_reading
tray_032_q04,tray_032,images/tray_032.png,seal_breach,Where is the red wrap breach mark located?,lower-right,lower-left,upper-right,upper-left,center,D,upper-left,standard_holdout,standard,wide_grid,normal,low,sterility_check
tray_032_q05,tray_032,images/tray_032.png,orientation_arrow,Which direction does the orange orientation arrow point?,up,left,right,diagonal,down,E,down,standard_holdout,standard,wide_grid,normal,low,spatial_reasoning
tray_032_q06,tray_032,images/tray_032.png,instrument_count,How many syringe items are visible?,0,4,2,1,3,A,0,standard_holdout,standard,wide_grid,normal,low,inventory_check
tray_032_q07,tray_032,images/tray_032.png,checklist_order,"In the checklist strip, which step comes immediately after step 1?",3,1,4,2,5,D,2,standard_holdout,standard,wide_grid,normal,low,sequence_memory
tray_033_q00,tray_033,images/tray_033.png,instrument_slot,Which compartment contains the clamp?,Slot 2,Slot 4,Slot 3,Slot 1,Slot 5,C,Slot 3,standard_holdout,standard,wide_grid,normal,low,inventory_check
tray_033_q01,tray_033,images/tray_033.png,empty_slot,Which numbered compartment is empty?,Slot 4,Slot 3,Slot 1,Slot 2,Slot 5,E,Slot 5,standard_holdout,standard,wide_grid,normal,low,inventory_check
tray_033_q02,tray_033,images/tray_033.png,indicator_color,What color is the sterility indicator strip?,green,brown,blue,amber,pink,E,pink,standard_holdout,standard,wide_grid,normal,low,sterility_check
tray_033_q03,tray_033,images/tray_033.png,tag_code,What two-digit tray tag is displayed?,98,17,20,97,90,C,20,standard_holdout,standard,wide_grid,normal,low,text_reading
tray_033_q04,tray_033,images/tray_033.png,seal_breach,Where is the red wrap breach mark located?,upper-left,upper-right,lower-left,center,lower-right,A,upper-left,standard_holdout,standard,wide_grid,normal,low,sterility_check
tray_033_q05,tray_033,images/tray_033.png,orientation_arrow,Which direction does the orange orientation arrow point?,down,up,right,left,diagonal,D,left,standard_holdout,standard,wide_grid,normal,low,spatial_reasoning
tray_033_q06,tray_033,images/tray_033.png,instrument_count,How many clamp items are visible?,2,4,0,1,3,D,1,standard_holdout,standard,wide_grid,normal,low,inventory_check
tray_033_q07,tray_033,images/tray_033.png,checklist_order,"In the checklist strip, which step comes immediately after step 2?",4,5,3,2,1,E,1,standard_holdout,standard,wide_grid,normal,low,sequence_memory
tray_034_q00,tray_034,images/tray_034.png,instrument_slot,Which compartment contains the syringe?,Slot 4,Slot 5,Slot 3,Slot 2,Slot 1,B,Slot 5,ood_low_light,low_light,compact_grid,low_light,medium,inventory_check
tray_034_q01,tray_034,images/tray_034.png,empty_slot,Which numbered compartment is empty?,Slot 1,Slot 3,Slot 4,Slot 5,Slot 2,C,Slot 4,ood_low_light,low_light,compact_grid,low_light,medium,inventory_check
tray_034_q02,tray_034,images/tray_034.png,indicator_color,What color is the sterility indicator strip?,brown,green,pink,blue,amber,E,amber,ood_low_light,low_light,compact_grid,low_light,medium,sterility_check
tray_034_q03,tray_034,images/tray_034.png,tag_code,What two-digit tray tag is displayed?,92,29,89,73,91,D,73,ood_low_light,low_light,compact_grid,low_light,medium,text_reading
tray_034_q04,tray_034,images/tray_034.png,seal_breach,Where is the red wrap breach mark located?,lower-right,lower-left,upper-left,center,upper-right,D,center,ood_low_light,low_light,compact_grid,low_light,medium,sterility_check
tray_034_q05,tray_034,images/tray_034.png,orientation_arrow,Which direction does the orange orientation arrow point?,down,right,left,diagonal,up,C,left,ood_low_light,low_light,compact_grid,low_light,medium,spatial_reasoning
tray_034_q06,tray_034,images/tray_034.png,instrument_count,How many forceps items are visible?,0,4,1,2,3,C,1,ood_low_light,low_light,compact_grid,low_light,medium,inventory_check
tray_034_q07,tray_034,images/tray_034.png,checklist_order,"In the checklist strip, which step comes immediately after step 3?",2,3,1,4,5,C,1,ood_low_light,low_light,compact_grid,low_light,medium,sequence_memory
tray_035_q00,tray_035,images/tray_035.png,instrument_slot,Which compartment contains the clamp?,Slot 4,Slot 3,Slot 1,Slot 5,Slot 2,A,Slot 4,ood_low_light,low_light,standard_grid,low_light,medium,inventory_check
tray_035_q01,tray_035,images/tray_035.png,empty_slot,Which numbered compartment is empty?,Slot 1,Slot 2,Slot 4,Slot 5,Slot 3,A,Slot 1,ood_low_light,low_light,standard_grid,low_light,medium,inventory_check
tray_035_q02,tray_035,images/tray_035.png,indicator_color,What color is the sterility indicator strip?,brown,pink,amber,green,blue,B,pink,ood_low_light,low_light,standard_grid,low_light,medium,sterility_check
tray_035_q03,tray_035,images/tray_035.png,tag_code,What two-digit tray tag is displayed?,86,54,12,42,74,E,74,ood_low_light,low_light,standard_grid,low_light,medium,text_reading
tray_035_q04,tray_035,images/tray_035.png,seal_breach,Where is the red wrap breach mark located?,lower-left,center,upper-left,upper-right,lower-right,C,upper-left,ood_low_light,low_light,standard_grid,low_light,medium,sterility_check
tray_035_q05,tray_035,images/tray_035.png,orientation_arrow,Which direction does the orange orientation arrow point?,diagonal,down,right,left,up,B,down,ood_low_light,low_light,standard_grid,low_light,medium,spatial_reasoning
tray_035_q06,tray_035,images/tray_035.png,instrument_count,How many forceps items are visible?,3,2,1,0,4,B,2,ood_low_light,low_light,standard_grid,low_light,medium,inventory_check
tray_035_q07,tray_035,images/tray_035.png,checklist_order,"In the checklist strip, which step comes immediately after step 4?",3,5,1,4,2,B,5,ood_low_light,low_light,standard_grid,low_light,medium,sequence_memory
tray_036_q00,tray_036,images/tray_036.png,instrument_slot,Which compartment contains the syringe?,Slot 5,Slot 1,Slot 4,Slot 3,Slot 2,E,Slot 2,ood_low_light,low_light,wide_grid,low_light,medium,inventory_check
tray_036_q01,tray_036,images/tray_036.png,empty_slot,Which numbered compartment is empty?,Slot 4,Slot 2,Slot 3,Slot 5,Slot 1,D,Slot 5,ood_low_light,low_light,wide_grid,low_light,medium,inventory_check
tray_036_q02,tray_036,images/tray_036.png,indicator_color,What color is the sterility indicator strip?,green,pink,amber,blue,brown,C,amber,ood_low_light,low_light,wide_grid,low_light,medium,sterility_check
tray_036_q03,tray_036,images/tray_036.png,tag_code,What two-digit tray tag is displayed?,53,49,21,56,17,B,49,ood_low_light,low_light,wide_grid,low_light,medium,text_reading
tray_036_q04,tray_036,images/tray_036.png,seal_breach,Where is the red wrap breach mark located?,lower-right,lower-left,upper-right,center,upper-left,C,upper-right,ood_low_light,low_light,wide_grid,low_light,medium,sterility_check
tray_036_q05,tray_036,images/tray_036.png,orientation_arrow,Which direction does the orange orientation arrow point?,right,diagonal,up,left,down,B,diagonal,ood_low_light,low_light,wide_grid,low_light,medium,spatial_reasoning
tray_036_q06,tray_036,images/tray_036.png,instrument_count,How many scalpel items are visible?,2,1,0,4,3,A,2,ood_low_light,low_light,wide_grid,low_light,medium,inventory_check
tray_036_q07,tray_036,images/tray_036.png,checklist_order,"In the checklist strip, which step comes immediately after step 1?",1,4,3,2,5,E,5,ood_low_light,low_light,wide_grid,low_light,medium,sequence_memory
tray_037_q00,tray_037,images/tray_037.png,instrument_slot,Which compartment contains the forceps?,Slot 2,Slot 1,Slot 3,Slot 4,Slot 6,E,Slot 6,ood_low_light,low_light,wide_grid,low_light,medium,inventory_check
tray_037_q01,tray_037,images/tray_037.png,empty_slot,Which numbered compartment is empty?,Slot 4,Slot 3,Slot 1,Slot 2,Slot 5,C,Slot 1,ood_low_light,low_light,wide_grid,low_light,medium,inventory_check
tray_037_q02,tray_037,images/tray_037.png,indicator_color,What color is the sterility indicator strip?,blue,green,pink,brown,amber,E,amber,ood_low_light,low_light,wide_grid,low_light,medium,sterility_check
tray_037_q03,tray_037,images/tray_037.png,tag_code,What two-digit tray tag is displayed?,12,41,76,72,87,B,41,ood_low_light,low_light,wide_grid,low_light,medium,text_reading
tray_037_q04,tray_037,images/tray_037.png,seal_breach,Where is the red wrap breach mark located?,lower-left,lower-right,center,upper-left,upper-right,A,lower-left,ood_low_light,low_light,wide_grid,low_light,medium,sterility_check
tray_037_q05,tray_037,images/tray_037.png,orientation_arrow,Which direction does the orange orientation arrow point?,right,left,diagonal,down,up,D,down,ood_low_light,low_light,wide_grid,low_light,medium,spatial_reasoning
tray_037_q06,tray_037,images/tray_037.png,instrument_count,How many forceps items are visible?,0,3,1,2,4,C,1,ood_low_light,low_light,wide_grid,low_light,medium,inventory_check
tray_037_q07,tray_037,images/tray_037.png,checklist_order,"In the checklist strip, which step comes immediately after step 1?",1,2,5,4,3,D,4,ood_low_light,low_light,wide_grid,low_light,medium,sequence_memory
tray_038_q00,tray_038,images/tray_038.png,instrument_slot,Which compartment contains the syringe?,Slot 3,Slot 5,Slot 1,Slot 2,Slot 4,B,Slot 5,ood_low_light,low_light,wide_grid,low_light,medium,inventory_check
tray_038_q01,tray_038,images/tray_038.png,empty_slot,Which numbered compartment is empty?,Slot 3,Slot 1,Slot 4,Slot 2,Slot 5,A,Slot 3,ood_low_light,low_light,wide_grid,low_light,medium,inventory_check
tray_038_q02,tray_038,images/tray_038.png,indicator_color,What color is the sterility indicator strip?,blue,green,pink,brown,amber,B,green,ood_low_light,low_light,wide_grid,low_light,medium,sterility_check
tray_038_q03,tray_038,images/tray_038.png,tag_code,What two-digit tray tag is displayed?,66,86,41,35,93,B,86,ood_low_light,low_light,wide_grid,low_light,medium,text_reading
tray_038_q04,tray_038,images/tray_038.png,seal_breach,Where is the red wrap breach mark located?,center,lower-right,lower-left,upper-left,upper-right,B,lower-right,ood_low_light,low_light,wide_grid,low_light,medium,sterility_check
tray_038_q05,tray_038,images/tray_038.png,orientation_arrow,Which direction does the orange orientation arrow point?,up,right,diagonal,down,left,C,diagonal,ood_low_light,low_light,wide_grid,low_light,medium,spatial_reasoning
tray_038_q06,tray_038,images/tray_038.png,instrument_count,How many gauze items are visible?,2,0,4,3,1,A,2,ood_low_light,low_light,wide_grid,low_light,medium,inventory_check
tray_038_q07,tray_038,images/tray_038.png,checklist_order,"In the checklist strip, which step comes immediately after step 2?",4,2,3,1,5,D,1,ood_low_light,low_light,wide_grid,low_light,medium,sequence_memory
tray_039_q00,tray_039,images/tray_039.png,instrument_slot,Which compartment contains the clamp?,Slot 2,Slot 4,Slot 6,Slot 3,Slot 1,C,Slot 6,ood_blue_cast,blue_cast,standard_grid,blue_cast,medium,inventory_check
tray_039_q01,tray_039,images/tray_039.png,empty_slot,Which numbered compartment is empty?,Slot 5,Slot 4,Slot 1,Slot 2,Slot 3,D,Slot 2,ood_blue_cast,blue_cast,standard_grid,blue_cast,medium,inventory_check
tray_039_q02,tray_039,images/tray_039.png,indicator_color,What color is the sterility indicator strip?,pink,green,blue,amber,brown,D,amber,ood_blue_cast,blue_cast,standard_grid,blue_cast,medium,sterility_check
tray_039_q03,tray_039,images/tray_039.png,tag_code,What two-digit tray tag is displayed?,64,71,52,11,87,D,11,ood_blue_cast,blue_cast,standard_grid,blue_cast,medium,text_reading
tray_039_q04,tray_039,images/tray_039.png,seal_breach,Where is the red wrap breach mark located?,upper-left,center,lower-right,upper-right,lower-left,E,lower-left,ood_blue_cast,blue_cast,standard_grid,blue_cast,medium,sterility_check
tray_039_q05,tray_039,images/tray_039.png,orientation_arrow,Which direction does the orange orientation arrow point?,down,up,right,left,diagonal,B,up,ood_blue_cast,blue_cast,standard_grid,blue_cast,medium,spatial_reasoning
tray_039_q06,tray_039,images/tray_039.png,instrument_count,How many scalpel items are visible?,4,1,3,2,0,E,0,ood_blue_cast,blue_cast,standard_grid,blue_cast,medium,inventory_check
tray_039_q07,tray_039,images/tray_039.png,checklist_order,"In the checklist strip, which step comes immediately after step 5?",5,4,3,1,2,C,3,ood_blue_cast,blue_cast,standard_grid,blue_cast,medium,sequence_memory
tray_040_q00,tray_040,images/tray_040.png,instrument_slot,Which compartment contains the gauze?,Slot 2,Slot 5,Slot 1,Slot 3,Slot 4,B,Slot 5,ood_blue_cast,blue_cast,compact_grid,blue_cast,medium,inventory_check
tray_040_q01,tray_040,images/tray_040.png,empty_slot,Which numbered compartment is empty?,Slot 3,Slot 4,Slot 5,Slot 1,Slot 2,B,Slot 4,ood_blue_cast,blue_cast,compact_grid,blue_cast,medium,inventory_check
tray_040_q02,tray_040,images/tray_040.png,indicator_color,What color is the sterility indicator strip?,green,blue,brown,amber,pink,C,brown,ood_blue_cast,blue_cast,compact_grid,blue_cast,medium,sterility_check
tray_040_q03,tray_040,images/tray_040.png,tag_code,What two-digit tray tag is displayed?,35,47,64,90,26,D,90,ood_blue_cast,blue_cast,compact_grid,blue_cast,medium,text_reading
tray_040_q04,tray_040,images/tray_040.png,seal_breach,Where is the red wrap breach mark located?,lower-left,lower-right,upper-right,center,upper-left,C,upper-right,ood_blue_cast,blue_cast,compact_grid,blue_cast,medium,sterility_check
tray_040_q05,tray_040,images/tray_040.png,orientation_arrow,Which direction does the orange orientation arrow point?,diagonal,down,left,up,right,B,down,ood_blue_cast,blue_cast,compact_grid,blue_cast,medium,spatial_reasoning
tray_040_q06,tray_040,images/tray_040.png,instrument_count,How many forceps items are visible?,2,0,3,4,1,A,2,ood_blue_cast,blue_cast,compact_grid,blue_cast,medium,inventory_check
tray_040_q07,tray_040,images/tray_040.png,checklist_order,"In the checklist strip, which step comes immediately after step 2?",3,1,5,4,2,D,4,ood_blue_cast,blue_cast,compact_grid,blue_cast,medium,sequence_memory
tray_041_q00,tray_041,images/tray_041.png,instrument_slot,Which compartment contains the clamp?,Slot 3,Slot 5,Slot 4,Slot 2,Slot 1,A,Slot 3,ood_blue_cast,blue_cast,offset_grid,blue_cast,medium,inventory_check
tray_041_q01,tray_041,images/tray_041.png,empty_slot,Which numbered compartment is empty?,Slot 1,Slot 5,Slot 2,Slot 4,Slot 3,D,Slot 4,ood_blue_cast,blue_cast,offset_grid,blue_cast,medium,inventory_check
tray_041_q02,tray_041,images/tray_041.png,indicator_color,What color is the sterility indicator strip?,green,brown,pink,amber,blue,C,pink,ood_blue_cast,blue_cast,offset_grid,blue_cast,medium,sterility_check
tray_041_q03,tray_041,images/tray_041.png,tag_code,What two-digit tray tag is displayed?,74,65,60,66,71,A,74,ood_blue_cast,blue_cast,offset_grid,blue_cast,medium,text_reading
tray_041_q04,tray_041,images/tray_041.png,seal_breach,Where is the red wrap breach mark located?,upper-left,upper-right,lower-left,lower-right,center,A,upper-left,ood_blue_cast,blue_cast,offset_grid,blue_cast,medium,sterility_check
tray_041_q05,tray_041,images/tray_041.png,orientation_arrow,Which direction does the orange orientation arrow point?,right,diagonal,down,up,left,A,right,ood_blue_cast,blue_cast,offset_grid,blue_cast,medium,spatial_reasoning
tray_041_q06,tray_041,images/tray_041.png,instrument_count,How many scalpel items are visible?,0,4,1,2,3,D,2,ood_blue_cast,blue_cast,offset_grid,blue_cast,medium,inventory_check
tray_041_q07,tray_041,images/tray_041.png,checklist_order,"In the checklist strip, which step comes immediately after step 3?",5,1,3,2,4,D,2,ood_blue_cast,blue_cast,offset_grid,blue_cast,medium,sequence_memory
tray_042_q00,tray_042,images/tray_042.png,instrument_slot,Which compartment contains the clamp?,Slot 1,Slot 2,Slot 3,Slot 6,Slot 4,D,Slot 6,ood_blue_cast,blue_cast,compact_grid,blue_cast,medium,inventory_check
tray_042_q01,tray_042,images/tray_042.png,empty_slot,Which numbered compartment is empty?,Slot 2,Slot 5,Slot 3,Slot 4,Slot 1,E,Slot 1,ood_blue_cast,blue_cast,compact_grid,blue_cast,medium,inventory_check
tray_042_q02,tray_042,images/tray_042.png,indicator_color,What color is the sterility indicator strip?,pink,green,amber,blue,brown,B,green,ood_blue_cast,blue_cast,compact_grid,blue_cast,medium,sterility_check
tray_042_q03,tray_042,images/tray_042.png,tag_code,What two-digit tray tag is displayed?,93,89,53,96,20,E,20,ood_blue_cast,blue_cast,compact_grid,blue_cast,medium,text_reading
tray_042_q04,tray_042,images/tray_042.png,seal_breach,Where is the red wrap breach mark located?,lower-right,upper-right,upper-left,lower-left,center,B,upper-right,ood_blue_cast,blue_cast,compact_grid,blue_cast,medium,sterility_check
tray_042_q05,tray_042,images/tray_042.png,orientation_arrow,Which direction does the orange orientation arrow point?,diagonal,up,down,right,left,E,left,ood_blue_cast,blue_cast,compact_grid,blue_cast,medium,spatial_reasoning
tray_042_q06,tray_042,images/tray_042.png,instrument_count,How many forceps items are visible?,2,3,0,4,1,D,4,ood_blue_cast,blue_cast,compact_grid,blue_cast,medium,inventory_check
tray_042_q07,tray_042,images/tray_042.png,checklist_order,"In the checklist strip, which step comes immediately after step 1?",3,4,2,5,1,A,3,ood_blue_cast,blue_cast,compact_grid,blue_cast,medium,sequence_memory
tray_043_q00,tray_043,images/tray_043.png,instrument_slot,Which compartment contains the forceps?,Slot 4,Slot 1,Slot 5,Slot 2,Slot 3,E,Slot 3,ood_blue_cast,blue_cast,offset_grid,blue_cast,medium,inventory_check
tray_043_q01,tray_043,images/tray_043.png,empty_slot,Which numbered compartment is empty?,Slot 3,Slot 1,Slot 2,Slot 6,Slot 4,D,Slot 6,ood_blue_cast,blue_cast,offset_grid,blue_cast,medium,inventory_check
tray_043_q02,tray_043,images/tray_043.png,indicator_color,What color is the sterility indicator strip?,amber,green,blue,pink,brown,B,green,ood_blue_cast,blue_cast,offset_grid,blue_cast,medium,sterility_check
tray_043_q03,tray_043,images/tray_043.png,tag_code,What two-digit tray tag is displayed?,41,73,11,96,77,A,41,ood_blue_cast,blue_cast,offset_grid,blue_cast,medium,text_reading
tray_043_q04,tray_043,images/tray_043.png,seal_breach,Where is the red wrap breach mark located?,upper-left,lower-left,lower-right,center,upper-right,C,lower-right,ood_blue_cast,blue_cast,offset_grid,blue_cast,medium,sterility_check
tray_043_q05,tray_043,images/tray_043.png,orientation_arrow,Which direction does the orange orientation arrow point?,down,diagonal,right,up,left,C,right,ood_blue_cast,blue_cast,offset_grid,blue_cast,medium,spatial_reasoning
tray_043_q06,tray_043,images/tray_043.png,instrument_count,How many clamp items are visible?,2,1,4,0,3,D,0,ood_blue_cast,blue_cast,offset_grid,blue_cast,medium,inventory_check
tray_043_q07,tray_043,images/tray_043.png,checklist_order,"In the checklist strip, which step comes immediately after step 2?",4,5,1,3,2,C,1,ood_blue_cast,blue_cast,offset_grid,blue_cast,medium,sequence_memory
tray_044_q00,tray_044,images/tray_044.png,instrument_slot,Which compartment contains the scalpel?,Slot 2,Slot 1,Slot 4,Slot 5,Slot 3,D,Slot 5,ood_glare,glare,standard_grid,glare,medium,inventory_check
tray_044_q01,tray_044,images/tray_044.png,empty_slot,Which numbered compartment is empty?,Slot 2,Slot 3,Slot 5,Slot 4,Slot 1,A,Slot 2,ood_glare,glare,standard_grid,glare,medium,inventory_check
tray_044_q02,tray_044,images/tray_044.png,indicator_color,What color is the sterility indicator strip?,green,blue,amber,pink,brown,C,amber,ood_glare,glare,standard_grid,glare,medium,sterility_check
tray_044_q03,tray_044,images/tray_044.png,tag_code,What two-digit tray tag is displayed?,12,66,26,96,20,C,26,ood_glare,glare,standard_grid,glare,medium,text_reading
tray_044_q04,tray_044,images/tray_044.png,seal_breach,Where is the red wrap breach mark located?,center,lower-left,upper-right,lower-right,upper-left,D,lower-right,ood_glare,glare,standard_grid,glare,medium,sterility_check
tray_044_q05,tray_044,images/tray_044.png,orientation_arrow,Which direction does the orange orientation arrow point?,right,left,up,diagonal,down,E,down,ood_glare,glare,standard_grid,glare,medium,spatial_reasoning
tray_044_q06,tray_044,images/tray_044.png,instrument_count,How many clamp items are visible?,2,4,1,3,0,E,0,ood_glare,glare,standard_grid,glare,medium,inventory_check
tray_044_q07,tray_044,images/tray_044.png,checklist_order,"In the checklist strip, which step comes immediately after step 1?",1,4,3,5,2,D,5,ood_glare,glare,standard_grid,glare,medium,sequence_memory
tray_045_q00,tray_045,images/tray_045.png,instrument_slot,Which compartment contains the gauze?,Slot 1,Slot 4,Slot 5,Slot 3,Slot 2,B,Slot 4,ood_glare,glare,standard_grid,glare,medium,inventory_check
tray_045_q01,tray_045,images/tray_045.png,empty_slot,Which numbered compartment is empty?,Slot 3,Slot 1,Slot 4,Slot 2,Slot 5,B,Slot 1,ood_glare,glare,standard_grid,glare,medium,inventory_check
tray_045_q02,tray_045,images/tray_045.png,indicator_color,What color is the sterility indicator strip?,brown,pink,blue,green,amber,B,pink,ood_glare,glare,standard_grid,glare,medium,sterility_check
tray_045_q03,tray_045,images/tray_045.png,tag_code,What two-digit tray tag is displayed?,22,79,14,52,80,E,80,ood_glare,glare,standard_grid,glare,medium,text_reading
tray_045_q04,tray_045,images/tray_045.png,seal_breach,Where is the red wrap breach mark located?,lower-right,center,upper-right,upper-left,lower-left,D,upper-left,ood_glare,glare,standard_grid,glare,medium,sterility_check
tray_045_q05,tray_045,images/tray_045.png,orientation_arrow,Which direction does the orange orientation arrow point?,left,diagonal,right,up,down,C,right,ood_glare,glare,standard_grid,glare,medium,spatial_reasoning
tray_045_q06,tray_045,images/tray_045.png,instrument_count,How many scalpel items are visible?,3,2,0,1,4,D,1,ood_glare,glare,standard_grid,glare,medium,inventory_check
tray_045_q07,tray_045,images/tray_045.png,checklist_order,"In the checklist strip, which step comes immediately after step 3?",3,1,5,2,4,E,4,ood_glare,glare,standard_grid,glare,medium,sequence_memory
tray_046_q00,tray_046,images/tray_046.png,instrument_slot,Which compartment contains the clamp?,Slot 2,Slot 4,Slot 3,Slot 1,Slot 5,B,Slot 4,ood_glare,glare,wide_grid,glare,medium,inventory_check
tray_046_q01,tray_046,images/tray_046.png,empty_slot,Which numbered compartment is empty?,Slot 3,Slot 4,Slot 1,Slot 5,Slot 2,C,Slot 1,ood_glare,glare,wide_grid,glare,medium,inventory_check
tray_046_q02,tray_046,images/tray_046.png,indicator_color,What color is the sterility indicator strip?,brown,blue,green,amber,pink,B,blue,ood_glare,glare,wide_grid,glare,medium,sterility_check
tray_046_q03,tray_046,images/tray_046.png,tag_code,What two-digit tray tag is displayed?,91,39,85,97,42,A,91,ood_glare,glare,wide_grid,glare,medium,text_reading
tray_046_q04,tray_046,images/tray_046.png,seal_breach,Where is the red wrap breach mark located?,center,lower-left,upper-left,upper-right,lower-right,C,upper-left,ood_glare,glare,wide_grid,glare,medium,sterility_check
tray_046_q05,tray_046,images/tray_046.png,orientation_arrow,Which direction does the orange orientation arrow point?,down,right,diagonal,left,up,D,left,ood_glare,glare,wide_grid,glare,medium,spatial_reasoning
tray_046_q06,tray_046,images/tray_046.png,instrument_count,How many clamp items are visible?,1,3,4,0,2,A,1,ood_glare,glare,wide_grid,glare,medium,inventory_check
tray_046_q07,tray_046,images/tray_046.png,checklist_order,"In the checklist strip, which step comes immediately after step 2?",5,2,4,3,1,E,1,ood_glare,glare,wide_grid,glare,medium,sequence_memory
tray_047_q00,tray_047,images/tray_047.png,instrument_slot,Which compartment contains the scalpel?,Slot 6,Slot 4,Slot 1,Slot 3,Slot 2,A,Slot 6,ood_glare,glare,standard_grid,glare,medium,inventory_check
tray_047_q01,tray_047,images/tray_047.png,empty_slot,Which numbered compartment is empty?,Slot 3,Slot 1,Slot 2,Slot 4,Slot 5,B,Slot 1,ood_glare,glare,standard_grid,glare,medium,inventory_check
tray_047_q02,tray_047,images/tray_047.png,indicator_color,What color is the sterility indicator strip?,blue,brown,amber,green,pink,C,amber,ood_glare,glare,standard_grid,glare,medium,sterility_check
tray_047_q03,tray_047,images/tray_047.png,tag_code,What two-digit tray tag is displayed?,78,70,67,12,63,D,12,ood_glare,glare,standard_grid,glare,medium,text_reading
tray_047_q04,tray_047,images/tray_047.png,seal_breach,Where is the red wrap breach mark located?,lower-right,center,upper-left,upper-right,lower-left,C,upper-left,ood_glare,glare,standard_grid,glare,medium,sterility_check
tray_047_q05,tray_047,images/tray_047.png,orientation_arrow,Which direction does the orange orientation arrow point?,left,up,right,down,diagonal,D,down,ood_glare,glare,standard_grid,glare,medium,spatial_reasoning
tray_047_q06,tray_047,images/tray_047.png,instrument_count,How many scalpel items are visible?,3,2,0,1,4,D,1,ood_glare,glare,standard_grid,glare,medium,inventory_check
tray_047_q07,tray_047,images/tray_047.png,checklist_order,"In the checklist strip, which step comes immediately after step 2?",2,1,4,3,5,D,3,ood_glare,glare,standard_grid,glare,medium,sequence_memory
tray_048_q00,tray_048,images/tray_048.png,instrument_slot,Which compartment contains the syringe?,Slot 1,Slot 5,Slot 2,Slot 4,Slot 3,C,Slot 2,ood_glare,glare,offset_grid,glare,medium,inventory_check
tray_048_q01,tray_048,images/tray_048.png,empty_slot,Which numbered compartment is empty?,Slot 2,Slot 1,Slot 4,Slot 5,Slot 3,E,Slot 3,ood_glare,glare,offset_grid,glare,medium,inventory_check
tray_048_q02,tray_048,images/tray_048.png,indicator_color,What color is the sterility indicator strip?,blue,green,pink,amber,brown,D,amber,ood_glare,glare,offset_grid,glare,medium,sterility_check
tray_048_q03,tray_048,images/tray_048.png,tag_code,What two-digit tray tag is displayed?,84,19,46,77,74,D,77,ood_glare,glare,offset_grid,glare,medium,text_reading
tray_048_q04,tray_048,images/tray_048.png,seal_breach,Where is the red wrap breach mark located?,upper-right,lower-left,lower-right,upper-left,center,D,upper-left,ood_glare,glare,offset_grid,glare,medium,sterility_check
tray_048_q05,tray_048,images/tray_048.png,orientation_arrow,Which direction does the orange orientation arrow point?,diagonal,right,up,left,down,C,up,ood_glare,glare,offset_grid,glare,medium,spatial_reasoning
tray_048_q06,tray_048,images/tray_048.png,instrument_count,How many forceps items are visible?,2,0,1,3,4,C,1,ood_glare,glare,offset_grid,glare,medium,inventory_check
tray_048_q07,tray_048,images/tray_048.png,checklist_order,"In the checklist strip, which step comes immediately after step 5?",4,2,3,1,5,B,2,ood_glare,glare,offset_grid,glare,medium,sequence_memory
tray_049_q00,tray_049,images/tray_049.png,instrument_slot,Which compartment contains the forceps?,Slot 3,Slot 5,Slot 4,Slot 1,Slot 2,C,Slot 4,ood_wrap_occlusion,wrap_occlusion,standard_grid,normal,high,inventory_check
tray_049_q01,tray_049,images/tray_049.png,empty_slot,Which numbered compartment is empty?,Slot 6,Slot 2,Slot 3,Slot 4,Slot 1,A,Slot 6,ood_wrap_occlusion,wrap_occlusion,standard_grid,normal,high,inventory_check
tray_049_q02,tray_049,images/tray_049.png,indicator_color,What color is the sterility indicator strip?,amber,blue,pink,green,brown,D,green,ood_wrap_occlusion,wrap_occlusion,standard_grid,normal,high,sterility_check
tray_049_q03,tray_049,images/tray_049.png,tag_code,What two-digit tray tag is displayed?,67,26,83,75,86,B,26,ood_wrap_occlusion,wrap_occlusion,standard_grid,normal,high,text_reading
tray_049_q04,tray_049,images/tray_049.png,seal_breach,Where is the red wrap breach mark located?,center,upper-left,lower-left,lower-right,upper-right,A,center,ood_wrap_occlusion,wrap_occlusion,standard_grid,normal,high,sterility_check
tray_049_q05,tray_049,images/tray_049.png,orientation_arrow,Which direction does the orange orientation arrow point?,down,diagonal,up,right,left,B,diagonal,ood_wrap_occlusion,wrap_occlusion,standard_grid,normal,high,spatial_reasoning
tray_049_q06,tray_049,images/tray_049.png,instrument_count,How many scalpel items are visible?,1,0,4,2,3,A,1,ood_wrap_occlusion,wrap_occlusion,standard_grid,normal,high,inventory_check
tray_049_q07,tray_049,images/tray_049.png,checklist_order,"In the checklist strip, which step comes immediately after step 1?",4,1,3,5,2,E,2,ood_wrap_occlusion,wrap_occlusion,standard_grid,normal,high,sequence_memory
tray_050_q00,tray_050,images/tray_050.png,instrument_slot,Which compartment contains the scalpel?,Slot 2,Slot 5,Slot 3,Slot 4,Slot 1,D,Slot 4,ood_wrap_occlusion,wrap_occlusion,wide_grid,normal,high,inventory_check
tray_050_q01,tray_050,images/tray_050.png,empty_slot,Which numbered compartment is empty?,Slot 4,Slot 2,Slot 5,Slot 3,Slot 1,D,Slot 3,ood_wrap_occlusion,wrap_occlusion,wide_grid,normal,high,inventory_check
tray_050_q02,tray_050,images/tray_050.png,indicator_color,What color is the sterility indicator strip?,blue,pink,brown,amber,green,C,brown,ood_wrap_occlusion,wrap_occlusion,wide_grid,normal,high,sterility_check
tray_050_q03,tray_050,images/tray_050.png,tag_code,What two-digit tray tag is displayed?,63,98,14,23,46,A,63,ood_wrap_occlusion,wrap_occlusion,wide_grid,normal,high,text_reading
tray_050_q04,tray_050,images/tray_050.png,seal_breach,Where is the red wrap breach mark located?,lower-right,upper-right,center,upper-left,lower-left,D,upper-left,ood_wrap_occlusion,wrap_occlusion,wide_grid,normal,high,sterility_check
tray_050_q05,tray_050,images/tray_050.png,orientation_arrow,Which direction does the orange orientation arrow point?,diagonal,right,down,up,left,C,down,ood_wrap_occlusion,wrap_occlusion,wide_grid,normal,high,spatial_reasoning
tray_050_q06,tray_050,images/tray_050.png,instrument_count,How many clamp items are visible?,3,2,0,4,1,E,1,ood_wrap_occlusion,wrap_occlusion,wide_grid,normal,high,inventory_check
tray_050_q07,tray_050,images/tray_050.png,checklist_order,"In the checklist strip, which step comes immediately after step 2?",1,2,3,4,5,A,1,ood_wrap_occlusion,wrap_occlusion,wide_grid,normal,high,sequence_memory
tray_051_q00,tray_051,images/tray_051.png,instrument_slot,Which compartment contains the syringe?,Slot 1,Slot 3,Slot 6,Slot 2,Slot 4,C,Slot 6,ood_wrap_occlusion,wrap_occlusion,wide_grid,normal,high,inventory_check
tray_051_q01,tray_051,images/tray_051.png,empty_slot,Which numbered compartment is empty?,Slot 2,Slot 3,Slot 5,Slot 4,Slot 1,D,Slot 4,ood_wrap_occlusion,wrap_occlusion,wide_grid,normal,high,inventory_check
tray_051_q02,tray_051,images/tray_051.png,indicator_color,What color is the sterility indicator strip?,amber,blue,green,brown,pink,B,blue,ood_wrap_occlusion,wrap_occlusion,wide_grid,normal,high,sterility_check
tray_051_q03,tray_051,images/tray_051.png,tag_code,What two-digit tray tag is displayed?,58,53,96,92,69,D,92,ood_wrap_occlusion,wrap_occlusion,wide_grid,normal,high,text_reading
tray_051_q04,tray_051,images/tray_051.png,seal_breach,Where is the red wrap breach mark located?,upper-left,lower-left,upper-right,lower-right,center,C,upper-right,ood_wrap_occlusion,wrap_occlusion,wide_grid,normal,high,sterility_check
tray_051_q05,tray_051,images/tray_051.png,orientation_arrow,Which direction does the orange orientation arrow point?,left,down,right,up,diagonal,B,down,ood_wrap_occlusion,wrap_occlusion,wide_grid,normal,high,spatial_reasoning
tray_051_q06,tray_051,images/tray_051.png,instrument_count,How many gauze items are visible?,0,2,4,3,1,A,0,ood_wrap_occlusion,wrap_occlusion,wide_grid,normal,high,inventory_check
tray_051_q07,tray_051,images/tray_051.png,checklist_order,"In the checklist strip, which step comes immediately after step 3?",2,5,3,1,4,A,2,ood_wrap_occlusion,wrap_occlusion,wide_grid,normal,high,sequence_memory
tray_052_q00,tray_052,images/tray_052.png,instrument_slot,Which compartment contains the syringe?,Slot 4,Slot 2,Slot 5,Slot 1,Slot 3,D,Slot 1,ood_wrap_occlusion,wrap_occlusion,standard_grid,normal,high,inventory_check
tray_052_q01,tray_052,images/tray_052.png,empty_slot,Which numbered compartment is empty?,Slot 4,Slot 2,Slot 5,Slot 1,Slot 3,E,Slot 3,ood_wrap_occlusion,wrap_occlusion,standard_grid,normal,high,inventory_check
tray_052_q02,tray_052,images/tray_052.png,indicator_color,What color is the sterility indicator strip?,blue,pink,green,brown,amber,D,brown,ood_wrap_occlusion,wrap_occlusion,standard_grid,normal,high,sterility_check
tray_052_q03,tray_052,images/tray_052.png,tag_code,What two-digit tray tag is displayed?,77,59,83,41,60,C,83,ood_wrap_occlusion,wrap_occlusion,standard_grid,normal,high,text_reading
tray_052_q04,tray_052,images/tray_052.png,seal_breach,Where is the red wrap breach mark located?,upper-left,lower-right,upper-right,lower-left,center,E,center,ood_wrap_occlusion,wrap_occlusion,standard_grid,normal,high,sterility_check
tray_052_q05,tray_052,images/tray_052.png,orientation_arrow,Which direction does the orange orientation arrow point?,left,up,down,right,diagonal,D,right,ood_wrap_occlusion,wrap_occlusion,standard_grid,normal,high,spatial_reasoning
tray_052_q06,tray_052,images/tray_052.png,instrument_count,How many forceps items are visible?,2,3,0,4,1,E,1,ood_wrap_occlusion,wrap_occlusion,standard_grid,normal,high,inventory_check
tray_052_q07,tray_052,images/tray_052.png,checklist_order,"In the checklist strip, which step comes immediately after step 1?",5,3,2,4,1,B,3,ood_wrap_occlusion,wrap_occlusion,standard_grid,normal,high,sequence_memory
tray_053_q00,tray_053,images/tray_053.png,instrument_slot,Which compartment contains the forceps?,Slot 5,Slot 2,Slot 4,Slot 1,Slot 3,B,Slot 2,ood_dense_clutter,dense_clutter,offset_grid,normal,high,inventory_check
tray_053_q01,tray_053,images/tray_053.png,empty_slot,Which numbered compartment is empty?,Slot 5,Slot 1,Slot 2,Slot 3,Slot 4,A,Slot 5,ood_dense_clutter,dense_clutter,offset_grid,normal,high,inventory_check
tray_053_q02,tray_053,images/tray_053.png,indicator_color,What color is the sterility indicator strip?,amber,green,blue,pink,brown,C,blue,ood_dense_clutter,dense_clutter,offset_grid,normal,high,sterility_check
tray_053_q03,tray_053,images/tray_053.png,tag_code,What two-digit tray tag is displayed?,49,24,97,90,34,A,49,ood_dense_clutter,dense_clutter,offset_grid,normal,high,text_reading
tray_053_q04,tray_053,images/tray_053.png,seal_breach,Where is the red wrap breach mark located?,lower-right,upper-right,lower-left,upper-left,center,D,upper-left,ood_dense_clutter,dense_clutter,offset_grid,normal,high,sterility_check
tray_053_q05,tray_053,images/tray_053.png,orientation_arrow,Which direction does the orange orientation arrow point?,up,left,right,diagonal,down,A,up,ood_dense_clutter,dense_clutter,offset_grid,normal,high,spatial_reasoning
tray_053_q06,tray_053,images/tray_053.png,instrument_count,How many syringe items are visible?,0,2,3,4,1,A,0,ood_dense_clutter,dense_clutter,offset_grid,normal,high,inventory_check
tray_053_q07,tray_053,images/tray_053.png,checklist_order,"In the checklist strip, which step comes immediately after step 3?",3,5,4,2,1,B,5,ood_dense_clutter,dense_clutter,offset_grid,normal,high,sequence_memory
tray_054_q00,tray_054,images/tray_054.png,instrument_slot,Which compartment contains the scalpel?,Slot 4,Slot 2,Slot 1,Slot 3,Slot 5,A,Slot 4,ood_dense_clutter,dense_clutter,standard_grid,normal,high,inventory_check
tray_054_q01,tray_054,images/tray_054.png,empty_slot,Which numbered compartment is empty?,Slot 4,Slot 2,Slot 3,Slot 1,Slot 5,B,Slot 2,ood_dense_clutter,dense_clutter,standard_grid,normal,high,inventory_check
tray_054_q02,tray_054,images/tray_054.png,indicator_color,What color is the sterility indicator strip?,blue,amber,pink,brown,green,A,blue,ood_dense_clutter,dense_clutter,standard_grid,normal,high,sterility_check
tray_054_q03,tray_054,images/tray_054.png,tag_code,What two-digit tray tag is displayed?,72,96,35,97,54,C,35,ood_dense_clutter,dense_clutter,standard_grid,normal,high,text_reading
tray_054_q04,tray_054,images/tray_054.png,seal_breach,Where is the red wrap breach mark located?,upper-right,center,upper-left,lower-left,lower-right,A,upper-right,ood_dense_clutter,dense_clutter,standard_grid,normal,high,sterility_check
tray_054_q05,tray_054,images/tray_054.png,orientation_arrow,Which direction does the orange orientation arrow point?,down,right,diagonal,up,left,D,up,ood_dense_clutter,dense_clutter,standard_grid,normal,high,spatial_reasoning
tray_054_q06,tray_054,images/tray_054.png,instrument_count,How many clamp items are visible?,1,2,0,3,4,B,2,ood_dense_clutter,dense_clutter,standard_grid,normal,high,inventory_check
tray_054_q07,tray_054,images/tray_054.png,checklist_order,"In the checklist strip, which step comes immediately after step 5?",2,1,3,5,4,E,4,ood_dense_clutter,dense_clutter,standard_grid,normal,high,sequence_memory
tray_055_q00,tray_055,images/tray_055.png,instrument_slot,Which compartment contains the forceps?,Slot 4,Slot 5,Slot 3,Slot 1,Slot 2,B,Slot 5,ood_dense_clutter,dense_clutter,standard_grid,normal,high,inventory_check
tray_055_q01,tray_055,images/tray_055.png,empty_slot,Which numbered compartment is empty?,Slot 5,Slot 4,Slot 1,Slot 2,Slot 3,B,Slot 4,ood_dense_clutter,dense_clutter,standard_grid,normal,high,inventory_check
tray_055_q02,tray_055,images/tray_055.png,indicator_color,What color is the sterility indicator strip?,green,pink,amber,blue,brown,A,green,ood_dense_clutter,dense_clutter,standard_grid,normal,high,sterility_check
tray_055_q03,tray_055,images/tray_055.png,tag_code,What two-digit tray tag is displayed?,34,38,40,91,23,A,34,ood_dense_clutter,dense_clutter,standard_grid,normal,high,text_reading
tray_055_q04,tray_055,images/tray_055.png,seal_breach,Where is the red wrap breach mark located?,lower-left,lower-right,upper-left,center,upper-right,B,lower-right,ood_dense_clutter,dense_clutter,standard_grid,normal,high,sterility_check
tray_055_q05,tray_055,images/tray_055.png,orientation_arrow,Which direction does the orange orientation arrow point?,left,diagonal,right,down,up,E,up,ood_dense_clutter,dense_clutter,standard_grid,normal,high,spatial_reasoning
tray_055_q06,tray_055,images/tray_055.png,instrument_count,How many clamp items are visible?,1,4,3,2,0,D,2,ood_dense_clutter,dense_clutter,standard_grid,normal,high,inventory_check
tray_055_q07,tray_055,images/tray_055.png,checklist_order,"In the checklist strip, which step comes immediately after step 1?",4,3,5,2,1,C,5,ood_dense_clutter,dense_clutter,standard_grid,normal,high,sequence_memory
